Workbook

Sheet Summary
A1: Montana deer harvest, statewide
A2: Totals are formulas over the Data sheet, so they update if you edit it.
A4: Year | B4: Mule deer | C4: Whitetail | D4: All deer | E4: Change vs prior year
A5: 2021 | B5: =SUMIFS(Data!$G$2:$G$1409,Data!$C$2:$C$1409,"mule deer",Data!$D$2:$D$1409,A5) | C5: =SUMIFS(Data!$G$2:$G$1409,Data!$C$2:$C$1409,"whitetail",Data!$D$2:$D$1409,A5) | D5: =B5+C5 | E5: –
A6: 2022 | B6: =SUMIFS(Data!$G$2:$G$1409,Data!$C$2:$C$1409,"mule deer",Data!$D$2:$D$1409,A6) | C6: =SUMIFS(Data!$G$2:$G$1409,Data!$C$2:$C$1409,"whitetail",Data!$D$2:$D$1409,A6) | D6: =B6+C6 | E6: =IF(D5>0,D6/D5-1,"")
A7: 2023 | B7: =SUMIFS(Data!$G$2:$G$1409,Data!$C$2:$C$1409,"mule deer",Data!$D$2:$D$1409,A7) | C7: =SUMIFS(Data!$G$2:$G$1409,Data!$C$2:$C$1409,"whitetail",Data!$D$2:$D$1409,A7) | D7: =B7+C7 | E7: =IF(D6>0,D7/D6-1,"")
A8: 2024 | B8: =SUMIFS(Data!$G$2:$G$1409,Data!$C$2:$C$1409,"mule deer",Data!$D$2:$D$1409,A8) | C8: =SUMIFS(Data!$G$2:$G$1409,Data!$C$2:$C$1409,"whitetail",Data!$D$2:$D$1409,A8) | D8: =B8+C8 | E8: =IF(D7>0,D8/D7-1,"")
A9: 2025 | B9: =SUMIFS(Data!$G$2:$G$1409,Data!$C$2:$C$1409,"mule deer",Data!$D$2:$D$1409,A9) | C9: =SUMIFS(Data!$G$2:$G$1409,Data!$C$2:$C$1409,"whitetail",Data!$D$2:$D$1409,A9) | D9: =B9+C9 | E9: =IF(D8>0,D9/D8-1,"")
A11: Source: Montana FWP harvest estimates (myfwp.mt.gov). FWP counts deer hunters per district, not per species. Some years (e.g. 2022, 2024) have no hunter survey.

Sheet Top Districts
A1: Best-odds districts, 2025
A2: Ranked by harvest per deer hunter, districts with 100+ hunters. 2025 is the latest year FWP surveyed hunter numbers.
A4: Mule Deer | H4: Whitetail
A5: # | B5: District | C5: Hunters | D5: Harvest | E5: Per hunter | F5: Days per animal | H5: # | I5: District | J5: Hunters | K5: Harvest | L5: Per hunter | M5: Days per animal
A6: 1 | B6: 392 | C6: 691 | D6: 327 | E6: =D6/C6 | F6: 15.550459 | H6: 1 | I6: 170 | J6: 2713 | K6: 1750 | L6: =K6/J6 | M6: 11.163429
A7: 2 | B7: 405 | C7: 1279 | D7: 588 | E7: =D7/C7 | F7: 10.739796 | H7: 2 | I7: 444 | J7: 840 | K7: 491 | L7: =K7/J7 | M7: 11.647658
A8: 3 | B8: 471 | C8: 640 | D8: 284 | E8: =D8/C8 | F8: 18.65493 | H8: 3 | I8: 260 | J8: 1130 | K8: 633 | L8: =K8/J8 | M8: 14.481833
A9: 4 | B9: 640 | C9: 2776 | D9: 1225 | E9: =D9/C9 | F9: 14.009796 | H9: 4 | I9: 445 | J9: 1281 | K9: 658 | L9: =K9/J9 | M9: 9.9711246
A10: 5 | B10: 403 | C10: 418 | D10: 183 | E10: =D10/C10 | F10: 11.743169 | H10: 5 | I10: 309 | J10: 802 | K10: 346 | L10: =K10/J10 | M10: 15.575145
A11: 6 | B11: 652 | C11: 123 | D11: 52 | E11: =D11/C11 | F11: 14.115385 | H11: 6 | I11: 262 | J11: 804 | K11: 327 | L11: =K11/J11 | M11: 15.993884
A12: 7 | B12: 650 | C12: 2010 | D12: 843 | E12: =D12/C12 | F12: 14.570581 | H12: 7 | I12: 311 | J12: 1633 | K12: 653 | L12: =K12/J12 | M12: 14.48392
A13: 8 | B13: 704 | C13: 4306 | D13: 1770 | E13: =D13/C13 | F13: 14.468362 | H13: 8 | I13: 121 | J13: 2639 | K13: 979 | L13: =K13/J13 | M13: 23.47906
A14: 9 | B14: 690 | C14: 2914 | D14: 1194 | E14: =D14/C14 | F14: 13.00335 | H14: 9 | I14: 100 | J14: 2765 | K14: 1021 | L14: =K14/J14 | M14: 22.073457
A15: 10 | B15: 705 | C15: 3585 | D15: 1463 | E15: =D15/C15 | F15: 14.129187 | H15: 10 | I15: 101 | J15: 2913 | K15: 1066 | L15: =K15/J15 | M15: 20.655722
A16: 11 | B16: 426 | C16: 835 | D16: 335 | E16: =D16/C16 | F16: 12.946269 | H16: 11 | I16: 261 | J16: 486 | K16: 174 | L16: =K16/J16 | M16: 16.965517
A17: 12 | B17: 502 | C17: 1625 | D17: 650 | E17: =D17/C17 | F17: 12.815385 | H17: 12 | I17: 580 | J17: 1399 | K17: 496 | L17: =K17/J17 | M17: 15.705645
... A30: 25 | B30: 700 | C30: 3259 | D30: 1015 | E30: =D30/C30 | F30: 23.431527 | H30: 25 | I30: 104 | J30: 1575 | K30: 469 | L30: =K30/J30 | M30: 27.462687

Sheet Trends
A1: Harvest by district and year
A2: Darker green = more animals taken (shaded per species). Change compares the first and latest year.
A4: Mule Deer
A5: District | B5: Region | C5: 2021 | D5: 2022 | E5: 2023 | F5: 2024 | G5: 2025 | H5: Change
A6: 100 | B6: 1 | C6: 165 | D6: 176 | E6: 169 | F6: 113 | G6: 119 | H6: =IF(AND(ISNUMBER(C6),C6>0,ISNUMBER(G6)),G6/C6-1,"")
A7: 101 | B7: 1 | C7: 74 | D7: 110 | E7: 106 | F7: 125 | G7: 92 | H7: =IF(AND(ISNUMBER(C7),C7>0,ISNUMBER(G7)),G7/C7-1,"")
A8: 102 | B8: 1 | C8: 54 | H8: =IF(AND(ISNUMBER(C8),C8>0,ISNUMBER(G8)),G8/C8-1,"")
A9: 103 | B9: 1 | C9: 138 | D9: 158 | E9: 207 | F9: 233 | G9: 212 | H9: =IF(AND(ISNUMBER(C9),C9>0,ISNUMBER(G9)),G9/C9-1,"")
A10: 104 | B10: 1 | C10: 57 | D10: 39 | E10: 59 | F10: 66 | G10: 64 | H10: =IF(AND(ISNUMBER(C10),C10>0,ISNUMBER(G10)),G10/C10-1,"")
A11: 109 | B11: 1 | C11: 39 | H11: =IF(AND(ISNUMBER(C11),C11>0,ISNUMBER(G11)),G11/C11-1,"")
A12: 110 | B12: 1 | C12: 8 | D12: 20 | E12: 40 | F12: 25 | G12: 38 | H12: =IF(AND(ISNUMBER(C12),C12>0,ISNUMBER(G12)),G12/C12-1,"")
A13: 120 | B13: 1 | C13: 36 | D13: 49 | E13: 47 | F13: 34 | G13: 52 | H13: =IF(AND(ISNUMBER(C13),C13>0,ISNUMBER(G13)),G13/C13-1,"")
A14: 121 | B14: 1 | C14: 130 | D14: 120 | E14: 131 | F14: 169 | G14: 176 | H14: =IF(AND(ISNUMBER(C14),C14>0,ISNUMBER(G14)),G14/C14-1,"")
A15: 122 | B15: 1 | C15: 123 | D15: 158 | E15: 189 | F15: 201 | G15: 160 | H15: =IF(AND(ISNUMBER(C15),C15>0,ISNUMBER(G15)),G15/C15-1,"")
A16: 123 | B16: 1 | C16: 19 | D16: 26 | E16: 47 | F16: 72 | G16: 53 | H16: =IF(AND(ISNUMBER(C16),C16>0,ISNUMBER(G16)),G16/C16-1,"")
A17: 124 | B17: 1 | C17: 27 | D17: 71 | E17: 65 | F17: 53 | G17: 75 | H17: =IF(AND(ISNUMBER(C17),C17>0,ISNUMBER(G17)),G17/C17-1,"")
A18: 130 | B18: 1 | C18: 14 | D18: 33 | E18: 20 | F18: 32 | G18: 45 | H18: =IF(AND(ISNUMBER(C18),C18>0,ISNUMBER(G18)),G18/C18-1,"")
A19: 140 | B19: 1 | C19: 28 | D19: 36 | E19: 44 | F19: 31 | G19: 33 | H19: =IF(AND(ISNUMBER(C19),C19>0,ISNUMBER(G19)),G19/C19-1,"")
A20: 141 | B20: 1 | C20: 11 | D20: 7 | E20: 10 | F20: 3 | G20: 7 | H20: =IF(AND(ISNUMBER(C20),C20>0,ISNUMBER(G20)),G20/C20-1,"")
A21: 150 | B21: 1 | C21: 8 | D21: 10 | E21: 9 | F21: 12 | G21: 10 | H21: =IF(AND(ISNUMBER(C21),C21>0,ISNUMBER(G21)),G21/C21-1,"")
A22: 170 | B22: 1 | C22: 48 | D22: 40 | E22: 44 | F22: 36 | G22: 22 | H22: =IF(AND(ISNUMBER(C22),C22>0,ISNUMBER(G22)),G22/C22-1,"")
A23: 200 | B23: 2 | C23: 23 | D23: 10 | E23: 45 | F23: 34 | G23: 28 | H23: =IF(AND(ISNUMBER(C23),C23>0,ISNUMBER(G23)),G23/C23-1,"")
... A25: 202 | B25: 2 | C25: 95 | D25: 67 | E25: 83 | F25: 99 | G25: 104 | H25: =IF(AND(ISNUMBER(C25),C25>0,ISNUMBER(G25)),G25/C25-1,"")
A26: 203 | B26: 2 | C26: 96 | H26: =IF(AND(ISNUMBER(C26),C26>0,ISNUMBER(G26)),G26/C26-1,"")
A27: 204 | B27: 2 | C27: 72 | D27: 95 | E27: 138 | F27: 67 | G27: 92 | H27: =IF(AND(ISNUMBER(C27),C27>0,ISNUMBER(G27)),G27/C27-1,"")
A28: 210 | B28: 2 | C28: 49 | D28: 57 | E28: 67 | F28: 74 | G28: 62 | H28: =IF(AND(ISNUMBER(C28),C28>0,ISNUMBER(G28)),G28/C28-1,"")
A29: 211 | B29: 2 | C29: 35 | D29: 31 | E29: 40 | F29: 53 | G29: 37 | H29: =IF(AND(ISNUMBER(C29),C29>0,ISNUMBER(G29)),G29/C29-1,"")
A30: 212 | B30: 2 | C30: 38 | D30: 49 | E30: 43 | F30: 62 | G30: 79 | H30: =IF(AND(ISNUMBER(C30),C30>0,ISNUMBER(G30)),G30/C30-1,"")
A31: 213 | B31: 2 | C31: 104 | D31: 129 | E31: 145 | F31: 180 | G31: 199 | H31: =IF(AND(ISNUMBER(C31),C31>0,ISNUMBER(G31)),G31/C31-1,"")
A32: 214 | B32: 2 | C32: 16 | D32: 20 | E32: 27 | F32: 45 | G32: 14 | H32: =IF(AND(ISNUMBER(C32),C32>0,ISNUMBER(G32)),G32/C32-1,"")
A33: 215 | B33: 2 | C33: 86 | D33: 150 | E33: 140 | F33: 188 | G33: 161 | H33: =IF(AND(ISNUMBER(C33),C33>0,ISNUMBER(G33)),G33/C33-1,"")
A34: 216 | B34: 2 | C34: 55 | D34: 74 | E34: 72 | F34: 75 | G34: 90 | H34: =IF(AND(ISNUMBER(C34),C34>0,ISNUMBER(G34)),G34/C34-1,"")
A35: 217 | B35: 2 | C35: 44 | D35: 40 | E35: 32 | F35: 44 | G35: 52 | H35: =IF(AND(ISNUMBER(C35),C35>0,ISNUMBER(G35)),G35/C35-1,"")
A36: 240 | B36: 2 | C36: 114 | D36: 108 | E36: 114 | F36: 132 | G36: 135 | H36: =IF(AND(ISNUMBER(C36),C36>0,ISNUMBER(G36)),G36/C36-1,"")
A37: 250 | B37: 2 | C37: 17 | D37: 22 | E37: 23 | F37: 17 | G37: 18 | H37: =IF(AND(ISNUMBER(C37),C37>0,ISNUMBER(G37)),G37/C37-1,"")
A38: 260 | B38: 2 | C38: 33 | D38: 42 | E38: 45 | F38: 6 | G38: 35 | H38: =IF(AND(ISNUMBER(C38),C38>0,ISNUMBER(G38)),G38/C38-1,"")
... A44: 282 | B44: 2 | C44: 8 | D44: 17 | E44: 5 | F44: 11 | G44: 11 | H44: =IF(AND(ISNUMBER(C44),C44>0,ISNUMBER(G44)),G44/C44-1,"")
A45: 283 | B45: 2 | C45: 35 | H45: =IF(AND(ISNUMBER(C45),C45>0,ISNUMBER(G45)),G45/C45-1,"")
A46: 284 | B46: 2 | C46: 3 | D46: 10 | E46: 7 | F46: 3 | G46: 13 | H46: =IF(AND(ISNUMBER(C46),C46>0,ISNUMBER(G46)),G46/C46-1,"")
A47: 285 | B47: 2 | C47: 44 | D47: 85 | E47: 100 | F47: 109 | G47: 144 | H47: =IF(AND(ISNUMBER(C47),C47>0,ISNUMBER(G47)),G47/C47-1,"")
A48: 290 | B48: 2 | C48: 19 | D48: 26 | E48: 20 | F48: 9 | G48: 17 | H48: =IF(AND(ISNUMBER(C48),C48>0,ISNUMBER(G48)),G48/C48-1,"")
A49: 291 | B49: 2 | C49: 65 | D49: 39 | E49: 44 | F49: 60 | G49: 65 | H49: =IF(AND(ISNUMBER(C49),C49>0,ISNUMBER(G49)),G49/C49-1,"")
A50: 292 | B50: 2 | C50: 149 | D50: 112 | E50: 158 | F50: 235 | G50: 242 | H50: =IF(AND(ISNUMBER(C50),C50>0,ISNUMBER(G50)),G50/C50-1,"")
A51: 293 | B51: 2 | C51: 50 | D51: 81 | E51: 83 | F51: 60 | G51: 66 | H51: =IF(AND(ISNUMBER(C51),C51>0,ISNUMBER(G51)),G51/C51-1,"")
A52: 298 | B52: 2 | C52: 12 | D52: 17 | E52: 20 | F52: 28 | G52: 42 | H52: =IF(AND(ISNUMBER(C52),C52>0,ISNUMBER(G52)),G52/C52-1,"")
A53: 300 | B53: 3 | C53: 129 | H53: =IF(AND(ISNUMBER(C53),C53>0,ISNUMBER(G53)),G53/C53-1,"")
A54: 301 | B54: 3 | C54: 76 | D54: 105 | E54: 102 | F54: 99 | G54: 146 | H54: =IF(AND(ISNUMBER(C54),C54>0,ISNUMBER(G54)),G54/C54-1,"")
A55: 302 | B55: 3 | C55: 183 | D55: 130 | E55: 140 | F55: 194 | G55: 232 | H55: =IF(AND(ISNUMBER(C55),C55>0,ISNUMBER(G55)),G55/C55-1,"")
A56: 303 | B56: 3 | D56: 68 | E56: 78 | F56: 50 | G56: 47 | H56: =IF(AND(ISNUMBER(C56),C56>0,ISNUMBER(G56)),G56/C56-1,"")
A57: 304 | B57: 3 | D57: 108 | E57: 63 | F57: 103 | G57: 74 | H57: =IF(AND(ISNUMBER(C57),C57>0,ISNUMBER(G57)),G57/C57-1,"")
A58: 309 | B58: 3 | C58: 21 | D58: 33 | E58: 23 | F58: 40 | G58: 68 | H58: =IF(AND(ISNUMBER(C58),C58>0,ISNUMBER(G58)),G58/C58-1,"")
A59: 310 | B59: 3 | C59: 31 | D59: 32 | E59: 55 | F59: 39 | G59: 37 | H59: =IF(AND(ISNUMBER(C59),C59>0,ISNUMBER(G59)),G59/C59-1,"")
A60: 311 | B60: 3 | C60: 413 | D60: 306 | E60: 320 | F60: 395 | G60: 295 | H60: =IF(AND(ISNUMBER(C60),C60>0,ISNUMBER(G60)),G60/C60-1,"")
A61: 312 | B61: 3 | C61: 194 | D61: 191 | E61: 189 | F61: 171 | G61: 178 | H61: =IF(AND(ISNUMBER(C61),C61>0,ISNUMBER(G61)),G61/C61-1,"")
A62: 313 | B62: 3 | C62: 164 | D62: 189 | E62: 156 | F62: 233 | G62: 198 | H62: =IF(AND(ISNUMBER(C62),C62>0,ISNUMBER(G62)),G62/C62-1,"")
A63: 314 | B63: 3 | C63: 233 | D63: 236 | E63: 235 | F63: 335 | G63: 307 | H63: =IF(AND(ISNUMBER(C63),C63>0,ISNUMBER(G63)),G63/C63-1,"")
A64: 315 | B64: 3 | C64: 197 | D64: 293 | E64: 253 | F64: 321 | G64: 316 | H64: =IF(AND(ISNUMBER(C64),C64>0,ISNUMBER(G64)),G64/C64-1,"")
A65: 316 | B65: 3 | C65: 11 | D65: 17 | E65: 23 | F65: 42 | G65: 72 | H65: =IF(AND(ISNUMBER(C65),C65>0,ISNUMBER(G65)),G65/C65-1,"")
A66: 317 | B66: 3 | C66: 217 | D66: 298 | E66: 241 | F66: 184 | G66: 205 | H66: =IF(AND(ISNUMBER(C66),C66>0,ISNUMBER(G66)),G66/C66-1,"")
A67: 318 | B67: 3 | C67: 91 | D67: 93 | E67: 101 | F67: 151 | G67: 78 | H67: =IF(AND(ISNUMBER(C67),C67>0,ISNUMBER(G67)),G67/C67-1,"")
A68: 319 | B68: 3 | C68: 57 | D68: 106 | E68: 67 | F68: 94 | G68: 89 | H68: =IF(AND(ISNUMBER(C68),C68>0,ISNUMBER(G68)),G68/C68-1,"")
A69: 320 | B69: 3 | C69: 263 | D69: 434 | E69: 393 | F69: 381 | G69: 396 | H69: =IF(AND(ISNUMBER(C69),C69>0,ISNUMBER(G69)),G69/C69-1,"")
... A71: 322 | B71: 3 | C71: 239 | D71: 1304 | E71: 1248 | F71: 338 | G71: 261 | H71: =IF(AND(ISNUMBER(C71),C71>0,ISNUMBER(G71)),G71/C71-1,"")
A72: 323 | B72: 3 | C72: 56 | F72: 474 | G72: 400 | H72: =IF(AND(ISNUMBER(C72),C72>0,ISNUMBER(G72)),G72/C72-1,"")
A73: 324 | B73: 3 | C73: 60 | F73: 295 | G73: 274 | H73: =IF(AND(ISNUMBER(C73),C73>0,ISNUMBER(G73)),G73/C73-1,"")
A74: 325 | B74: 3 | C74: 463 | H74: =IF(AND(ISNUMBER(C74),C74>0,ISNUMBER(G74)),G74/C74-1,"")
A75: 326 | B75: 3 | C75: 150 | H75: =IF(AND(ISNUMBER(C75),C75>0,ISNUMBER(G75)),G75/C75-1,"")
A76: 327 | B76: 3 | C76: 70 | H76: =IF(AND(ISNUMBER(C76),C76>0,ISNUMBER(G76)),G76/C76-1,"")
A77: 328 | B77: 3 | C77: 57 | H77: =IF(AND(ISNUMBER(C77),C77>0,ISNUMBER(G77)),G77/C77-1,"")
A78: 329 | B78: 3 | C78: 123 | D78: 116 | E78: 136 | F78: 160 | G78: 192 | H78: =IF(AND(ISNUMBER(C78),C78>0,ISNUMBER(G78)),G78/C78-1,"")
A79: 330 | B79: 3 | C79: 200 | H79: =IF(AND(ISNUMBER(C79),C79>0,ISNUMBER(G79)),G79/C79-1,"")
A80: 331 | B80: 3 | C80: 297 | D80: 345 | E80: 310 | F80: 481 | G80: 415 | H80: =IF(AND(ISNUMBER(C80),C80>0,ISNUMBER(G80)),G80/C80-1,"")
A81: 332 | B81: 3 | C81: 49 | H81: =IF(AND(ISNUMBER(C81),C81>0,ISNUMBER(G81)),G81/C81-1,"")
A82: 333 | B82: 3 | C82: 259 | H82: =IF(AND(ISNUMBER(C82),C82>0,ISNUMBER(G82)),G82/C82-1,"")
A83: 334 | B83: 3 | C83: 20 | H83: =IF(AND(ISNUMBER(C83),C83>0,ISNUMBER(G83)),G83/C83-1,"")
A84: 335 | B84: 3 | C84: 206 | D84: 249 | E84: 245 | F84: 244 | G84: 256 | H84: =IF(AND(ISNUMBER(C84),C84>0,ISNUMBER(G84)),G84/C84-1,"")
A85: 339 | B85: 3 | C85: 105 | D85: 110 | E85: 111 | F85: 121 | G85: 132 | H85: =IF(AND(ISNUMBER(C85),C85>0,ISNUMBER(G85)),G85/C85-1,"")
A86: 340 | B86: 3 | C86: 355 | D86: 187 | E86: 221 | F86: 307 | G86: 273 | H86: =IF(AND(ISNUMBER(C86),C86>0,ISNUMBER(G86)),G86/C86-1,"")
A87: 341 | B87: 3 | C87: 113 | H87: =IF(AND(ISNUMBER(C87),C87>0,ISNUMBER(G87)),G87/C87-1,"")
A88: 343 | B88: 3 | C88: 107 | D88: 104 | E88: 172 | F88: 201 | G88: 190 | H88: =IF(AND(ISNUMBER(C88),C88>0,ISNUMBER(G88)),G88/C88-1,"")
A89: 350 | B89: 3 | C89: 56 | D89: 122 | E89: 111 | F89: 125 | G89: 134 | H89: =IF(AND(ISNUMBER(C89),C89>0,ISNUMBER(G89)),G89/C89-1,"")
A90: 360 | B90: 3 | C90: 141 | D90: 198 | E90: 182 | F90: 221 | G90: 221 | H90: =IF(AND(ISNUMBER(C90),C90>0,ISNUMBER(G90)),G90/C90-1,"")
A91: 361 | B91: 3 | C91: 38 | D91: 28 | E91: 17 | F91: 29 | G91: 37 | H91: =IF(AND(ISNUMBER(C91),C91>0,ISNUMBER(G91)),G91/C91-1,"")
A92: 362 | B92: 3 | C92: 37 | H92: =IF(AND(ISNUMBER(C92),C92>0,ISNUMBER(G92)),G92/C92-1,"")
A93: 370 | B93: 3 | C93: 38 | D93: 49 | E93: 78 | F93: 81 | G93: 58 | H93: =IF(AND(ISNUMBER(C93),C93>0,ISNUMBER(G93)),G93/C93-1,"")
A94: 380 | B94: 3 | C94: 383 | D94: 325 | E94: 337 | F94: 371 | G94: 357 | H94: =IF(AND(ISNUMBER(C94),C94>0,ISNUMBER(G94)),G94/C94-1,"")
A95: 388 | B95: 3 | C95: 79 | D95: 97 | E95: 117 | F95: 161 | G95: 88 | H95: =IF(AND(ISNUMBER(C95),C95>0,ISNUMBER(G95)),G95/C95-1,"")
A96: 390 | B96: 3 | C96: 150 | D96: 150 | E96: 150 | F96: 147 | G96: 162 | H96: =IF(AND(ISNUMBER(C96),C96>0,ISNUMBER(G96)),G96/C96-1,"")
A97: 391 | B97: 3 | C97: 399 | D97: 365 | E97: 384 | F97: 432 | G97: 447 | H97: =IF(AND(ISNUMBER(C97),C97>0,ISNUMBER(G97)),G97/C97-1,"")
A98: 392 | B98: 3 | C98: 207 | D98: 235 | E98: 233 | F98: 211 | G98: 327 | H98: =IF(AND(ISNUMBER(C98),C98>0,ISNUMBER(G98)),G98/C98-1,"")
A99: 393 | B99: 3 | C99: 354 | D99: 332 | E99: 375 | F99: 345 | G99: 353 | H99: =IF(AND(ISNUMBER(C99),C99>0,ISNUMBER(G99)),G99/C99-1,"")
A100: 400 | B100: 4 | C100: 788 | D100: 642 | E100: 849 | F100: 759 | G100: 725 | H100: =IF(AND(ISNUMBER(C100),C100>0,ISNUMBER(G100)),G100/C100-1,"")
A101: 401 | B101: 4 | C101: 517 | D101: 511 | E101: 480 | F101: 443 | G101: 467 | H101: =IF(AND(ISNUMBER(C101),C101>0,ISNUMBER(G101)),G101/C101-1,"")
A102: 403 | B102: 4 | C102: 167 | D102: 198 | E102: 206 | F102: 243 | G102: 183 | H102: =IF(AND(ISNUMBER(C102),C102>0,ISNUMBER(G102)),G102/C102-1,"")
A103: 404 | B103: 4 | C103: 651 | D103: 496 | E103: 636 | F103: 653 | G103: 491 | H103: =IF(AND(ISNUMBER(C103),C103>0,ISNUMBER(G103)),G103/C103-1,"")
A104: 405 | B104: 4 | C104: 574 | D104: 682 | E104: 583 | F104: 698 | G104: 588 | H104: =IF(AND(ISNUMBER(C104),C104>0,ISNUMBER(G104)),G104/C104-1,"")
... A117: 422 | B117: 4 | C117: 91 | D117: 80 | E117: 141 | F117: 136 | G117: 119 | H117: =IF(AND(ISNUMBER(C117),C117>0,ISNUMBER(G117)),G117/C117-1,"")
A118: 423 | B118: 4 | C118: 121 | H118: =IF(AND(ISNUMBER(C118),C118>0,ISNUMBER(G118)),G118/C118-1,"")
A119: 424 | B119: 4 | C119: 11 | D119: 29 | E119: 32 | F119: 36 | G119: 37 | H119: =IF(AND(ISNUMBER(C119),C119>0,ISNUMBER(G119)),G119/C119-1,"")
A120: 425 | B120: 4 | C120: 76 | D120: 99 | E120: 148 | F120: 130 | G120: 89 | H120: =IF(AND(ISNUMBER(C120),C120>0,ISNUMBER(G120)),G120/C120-1,"")
...

Sheet Data
A1: District | B1: Region | C1: Species | D1: Year | E1: Hunters | F1: Hunter days | G1: Harvest | H1: Per hunter | I1: Days per animal
A2: 100 | B2: 1 | C2: mule deer | D2: 2021 | E2: 2402 | F2: 17422 | G2: 165 | H2: =IF(E2>0,G2/E2,"") | I2: =IF(AND(F2>0,G2>0),F2/G2,"")
A3: 100 | B3: 1 | C3: mule deer | D3: 2022 | G3: 176 | H3: =IF(E3>0,G3/E3,"") | I3: =IF(AND(F3>0,G3>0),F3/G3,"")
A4: 100 | B4: 1 | C4: mule deer | D4: 2023 | E4: 2846 | F4: 23556 | G4: 169 | H4: =IF(E4>0,G4/E4,"") | I4: =IF(AND(F4>0,G4>0),F4/G4,"")
A5: 100 | B5: 1 | C5: mule deer | D5: 2024 | G5: 113 | H5: =IF(E5>0,G5/E5,"") | I5: =IF(AND(F5>0,G5>0),F5/G5,"")
A6: 100 | B6: 1 | C6: mule deer | D6: 2025 | E6: 2765 | F6: 22537 | G6: 119 | H6: =IF(E6>0,G6/E6,"") | I6: =IF(AND(F6>0,G6>0),F6/G6,"")
A7: 101 | B7: 1 | C7: mule deer | D7: 2021 | E7: 2328 | F7: 15644 | G7: 74 | H7: =IF(E7>0,G7/E7,"") | I7: =IF(AND(F7>0,G7>0),F7/G7,"")
A8: 101 | B8: 1 | C8: mule deer | D8: 2022 | G8: 110 | H8: =IF(E8>0,G8/E8,"") | I8: =IF(AND(F8>0,G8>0),F8/G8,"")
A9: 101 | B9: 1 | C9: mule deer | D9: 2023 | E9: 2955 | F9: 21834 | G9: 106 | H9: =IF(E9>0,G9/E9,"") | I9: =IF(AND(F9>0,G9>0),F9/G9,"")
A10: 101 | B10: 1 | C10: mule deer | D10: 2024 | G10: 125 | H10: =IF(E10>0,G10/E10,"") | I10: =IF(AND(F10>0,G10>0),F10/G10,"")
A11: 101 | B11: 1 | C11: mule deer | D11: 2025 | E11: 2913 | F11: 22019 | G11: 92 | H11: =IF(E11>0,G11/E11,"") | I11: =IF(AND(F11>0,G11>0),F11/G11,"")
A12: 102 | B12: 1 | C12: mule deer | D12: 2021 | E12: 2620 | F12: 15805 | G12: 54 | H12: =IF(E12>0,G12/E12,"") | I12: =IF(AND(F12>0,G12>0),F12/G12,"")
A13: 103 | B13: 1 | C13: mule deer | D13: 2021 | E13: 2546 | F13: 18236 | G13: 138 | H13: =IF(E13>0,G13/E13,"") | I13: =IF(AND(F13>0,G13>0),F13/G13,"")
A14: 103 | B14: 1 | C14: mule deer | D14: 2022 | G14: 158 | H14: =IF(E14>0,G14/E14,"") | I14: =IF(AND(F14>0,G14>0),F14/G14,"")
A15: 103 | B15: 1 | C15: mule deer | D15: 2023 | E15: 5391 | F15: 39826 | G15: 207 | H15: =IF(E15>0,G15/E15,"") | I15: =IF(AND(F15>0,G15>0),F15/G15,"")
A16: 103 | B16: 1 | C16: mule deer | D16: 2024 | G16: 233 | H16: =IF(E16>0,G16/E16,"") | I16: =IF(AND(F16>0,G16>0),F16/G16,"")
A17: 103 | B17: 1 | C17: mule deer | D17: 2025 | E17: 5147 | F17: 35014 | G17: 212 | H17: =IF(E17>0,G17/E17,"") | I17: =IF(AND(F17>0,G17>0),F17/G17,"")
A18: 104 | B18: 1 | C18: mule deer | D18: 2021 | E18: 1283 | F18: 10730 | G18: 57 | H18: =IF(E18>0,G18/E18,"") | I18: =IF(AND(F18>0,G18>0),F18/G18,"")
A19: 104 | B19: 1 | C19: mule deer | D19: 2022 | G19: 39 | H19: =IF(E19>0,G19/E19,"") | I19: =IF(AND(F19>0,G19>0),F19/G19,"")
A20: 104 | B20: 1 | C20: mule deer | D20: 2023 | E20: 1264 | F20: 9592 | G20: 59 | H20: =IF(E20>0,G20/E20,"") | I20: =IF(AND(F20>0,G20>0),F20/G20,"")
A21: 104 | B21: 1 | C21: mule deer | D21: 2024 | G21: 66 | H21: =IF(E21>0,G21/E21,"") | I21: =IF(AND(F21>0,G21>0),F21/G21,"")
A22: 104 | B22: 1 | C22: mule deer | D22: 2025 | E22: 1575 | F22: 12880 | G22: 64 | H22: =IF(E22>0,G22/E22,"") | I22: =IF(AND(F22>0,G22>0),F22/G22,"")
A23: 109 | B23: 1 | C23: mule deer | D23: 2021 | E23: 532 | F23: 3607 | G23: 39 | H23: =IF(E23>0,G23/E23,"") | I23: =IF(AND(F23>0,G23>0),F23/G23,"")
A24: 110 | B24: 1 | C24: mule deer | D24: 2021 | E24: 1118 | F24: 6739 | G24: 8 | H24: =IF(E24>0,G24/E24,"") | I24: =IF(AND(F24>0,G24>0),F24/G24,"")
A25: 110 | B25: 1 | C25: mule deer | D25: 2022 | G25: 20 | H25: =IF(E25>0,G25/E25,"") | I25: =IF(AND(F25>0,G25>0),F25/G25,"")
A26: 110 | B26: 1 | C26: mule deer | D26: 2023 | E26: 1360 | F26: 7975 | G26: 40 | H26: =IF(E26>0,G26/E26,"") | I26: =IF(AND(F26>0,G26>0),F26/G26,"")
A27: 110 | B27: 1 | C27: mule deer | D27: 2024 | G27: 25 | H27: =IF(E27>0,G27/E27,"") | I27: =IF(AND(F27>0,G27>0),F27/G27,"")
A28: 110 | B28: 1 | C28: mule deer | D28: 2025 | E28: 1344 | F28: 8403 | G28: 38 | H28: =IF(E28>0,G28/E28,"") | I28: =IF(AND(F28>0,G28>0),F28/G28,"")
A29: 120 | B29: 1 | C29: mule deer | D29: 2021 | E29: 1956 | F29: 12140 | G29: 36 | H29: =IF(E29>0,G29/E29,"") | I29: =IF(AND(F29>0,G29>0),F29/G29,"")
A30: 120 | B30: 1 | C30: mule deer | D30: 2022 | G30: 49 | H30: =IF(E30>0,G30/E30,"") | I30: =IF(AND(F30>0,G30>0),F30/G30,"")
A31: 120 | B31: 1 | C31: mule deer | D31: 2023 | E31: 2206 | F31: 14981 | G31: 47 | H31: =IF(E31>0,G31/E31,"") | I31: =IF(AND(F31>0,G31>0),F31/G31,"")
A32: 120 | B32: 1 | C32: mule deer | D32: 2024 | G32: 34 | H32: =IF(E32>0,G32/E32,"") | I32: =IF(AND(F32>0,G32>0),F32/G32,"")
A33: 120 | B33: 1 | C33: mule deer | D33: 2025 | E33: 2179 | F33: 14543 | G33: 52 | H33: =IF(E33>0,G33/E33,"") | I33: =IF(AND(F33>0,G33>0),F33/G33,"")
A34: 121 | B34: 1 | C34: mule deer | D34: 2021 | E34: 2404 | F34: 20248 | G34: 130 | H34: =IF(E34>0,G34/E34,"") | I34: =IF(AND(F34>0,G34>0),F34/G34,"")
A35: 121 | B35: 1 | C35: mule deer | D35: 2022 | G35: 120 | H35: =IF(E35>0,G35/E35,"") | I35: =IF(AND(F35>0,G35>0),F35/G35,"")
A36: 121 | B36: 1 | C36: mule deer | D36: 2023 | E36: 2551 | F36: 21482 | G36: 131 | H36: =IF(E36>0,G36/E36,"") | I36: =IF(AND(F36>0,G36>0),F36/G36,"")
A37: 121 | B37: 1 | C37: mule deer | D37: 2024 | G37: 169 | H37: =IF(E37>0,G37/E37,"") | I37: =IF(AND(F37>0,G37>0),F37/G37,"")
A38: 121 | B38: 1 | C38: mule deer | D38: 2025 | E38: 2639 | F38: 22986 | G38: 176 | H38: =IF(E38>0,G38/E38,"") | I38: =IF(AND(F38>0,G38>0),F38/G38,"")
A39: 122 | B39: 1 | C39: mule deer | D39: 2021 | E39: 1896 | F39: 15178 | G39: 123 | H39: =IF(E39>0,G39/E39,"") | I39: =IF(AND(F39>0,G39>0),F39/G39,"")
A40: 122 | B40: 1 | C40: mule deer | D40: 2022 | G40: 158 | H40: =IF(E40>0,G40/E40,"") | I40: =IF(AND(F40>0,G40>0),F40/G40,"")
A41: 122 | B41: 1 | C41: mule deer | D41: 2023 | E41: 2183 | F41: 16754 | G41: 189 | H41: =IF(E41>0,G41/E41,"") | I41: =IF(AND(F41>0,G41>0),F41/G41,"")
A42: 122 | B42: 1 | C42: mule deer | D42: 2024 | G42: 201 | H42: =IF(E42>0,G42/E42,"") | I42: =IF(AND(F42>0,G42>0),F42/G42,"")
A43: 122 | B43: 1 | C43: mule deer | D43: 2025 | E43: 2412 | F43: 18636 | G43: 160 | H43: =IF(E43>0,G43/E43,"") | I43: =IF(AND(F43>0,G43>0),F43/G43,"")
A44: 123 | B44: 1 | C44: mule deer | D44: 2021 | E44: 603 | F44: 3638 | G44: 19 | H44: =IF(E44>0,G44/E44,"") | I44: =IF(AND(F44>0,G44>0),F44/G44,"")
A45: 123 | B45: 1 | C45: mule deer | D45: 2022 | G45: 26 | H45: =IF(E45>0,G45/E45,"") | I45: =IF(AND(F45>0,G45>0),F45/G45,"")
A46: 123 | B46: 1 | C46: mule deer | D46: 2023 | E46: 585 | F46: 5209 | G46: 47 | H46: =IF(E46>0,G46/E46,"") | I46: =IF(AND(F46>0,G46>0),F46/G46,"")
A47: 123 | B47: 1 | C47: mule deer | D47: 2024 | G47: 72 | H47: =IF(E47>0,G47/E47,"") | I47: =IF(AND(F47>0,G47>0),F47/G47,"")
A48: 123 | B48: 1 | C48: mule deer | D48: 2025 | E48: 702 | F48: 5564 | G48: 53 | H48: =IF(E48>0,G48/E48,"") | I48: =IF(AND(F48>0,G48>0),F48/G48,"")
A49: 124 | B49: 1 | C49: mule deer | D49: 2021 | E49: 425 | F49: 3216 | G49: 27 | H49: =IF(E49>0,G49/E49,"") | I49: =IF(AND(F49>0,G49>0),F49/G49,"")
A50: 124 | B50: 1 | C50: mule deer | D50: 2022 | G50: 71 | H50: =IF(E50>0,G50/E50,"") | I50: =IF(AND(F50>0,G50>0),F50/G50,"")
A51: 124 | B51: 1 | C51: mule deer | D51: 2023 | E51: 446 | F51: 3681 | G51: 65 | H51: =IF(E51>0,G51/E51,"") | I51: =IF(AND(F51>0,G51>0),F51/G51,"")
A52: 124 | B52: 1 | C52: mule deer | D52: 2024 | G52: 53 | H52: =IF(E52>0,G52/E52,"") | I52: =IF(AND(F52>0,G52>0),F52/G52,"")
A53: 124 | B53: 1 | C53: mule deer | D53: 2025 | E53: 441 | F53: 3426 | G53: 75 | H53: =IF(E53>0,G53/E53,"") | I53: =IF(AND(F53>0,G53>0),F53/G53,"")
A54: 130 | B54: 1 | C54: mule deer | D54: 2021 | E54: 1820 | F54: 11720 | G54: 14 | H54: =IF(E54>0,G54/E54,"") | I54: =IF(AND(F54>0,G54>0),F54/G54,"")
A55: 130 | B55: 1 | C55: mule deer | D55: 2022 | G55: 33 | H55: =IF(E55>0,G55/E55,"") | I55: =IF(AND(F55>0,G55>0),F55/G55,"")
A56: 130 | B56: 1 | C56: mule deer | D56: 2023 | E56: 1785 | F56: 11029 | G56: 20 | H56: =IF(E56>0,G56/E56,"") | I56: =IF(AND(F56>0,G56>0),F56/G56,"")
A57: 130 | B57: 1 | C57: mule deer | D57: 2024 | G57: 32 | H57: =IF(E57>0,G57/E57,"") | I57: =IF(AND(F57>0,G57>0),F57/G57,"")
A58: 130 | B58: 1 | C58: mule deer | D58: 2025 | E58: 2069 | F58: 12295 | G58: 45 | H58: =IF(E58>0,G58/E58,"") | I58: =IF(AND(F58>0,G58>0),F58/G58,"")
A59: 140 | B59: 1 | C59: mule deer | D59: 2021 | E59: 638 | F59: 4400 | G59: 28 | H59: =IF(E59>0,G59/E59,"") | I59: =IF(AND(F59>0,G59>0),F59/G59,"")
A60: 140 | B60: 1 | C60: mule deer | D60: 2022 | G60: 36 | H60: =IF(E60>0,G60/E60,"") | I60: =IF(AND(F60>0,G60>0),F60/G60,"")
A61: 140 | B61: 1 | C61: mule deer | D61: 2023 | E61: 628 | F61: 4228 | G61: 44 | H61: =IF(E61>0,G61/E61,"") | I61: =IF(AND(F61>0,G61>0),F61/G61,"")
A62: 140 | B62: 1 | C62: mule deer | D62: 2024 | G62: 31 | H62: =IF(E62>0,G62/E62,"") | I62: =IF(AND(F62>0,G62>0),F62/G62,"")
A63: 140 | B63: 1 | C63: mule deer | D63: 2025 | E63: 750 | F63: 4851 | G63: 33 | H63: =IF(E63>0,G63/E63,"") | I63: =IF(AND(F63>0,G63>0),F63/G63,"")
A64: 141 | B64: 1 | C64: mule deer | D64: 2021 | E64: 81 | F64: 694 | G64: 11 | H64: =IF(E64>0,G64/E64,"") | I64: =IF(AND(F64>0,G64>0),F64/G64,"")
A65: 141 | B65: 1 | C65: mule deer | D65: 2022 | G65: 7 | H65: =IF(E65>0,G65/E65,"") | I65: =IF(AND(F65>0,G65>0),F65/G65,"")
A66: 141 | B66: 1 | C66: mule deer | D66: 2023 | E66: 74 | F66: 390 | G66: 10 | H66: =IF(E66>0,G66/E66,"") | I66: =IF(AND(F66>0,G66>0),F66/G66,"")
A67: 141 | B67: 1 | C67: mule deer | D67: 2024 | G67: 3 | H67: =IF(E67>0,G67/E67,"") | I67: =IF(AND(F67>0,G67>0),F67/G67,"")
A68: 141 | B68: 1 | C68: mule deer | D68: 2025 | E68: 139 | F68: 1103 | G68: 7 | H68: =IF(E68>0,G68/E68,"") | I68: =IF(AND(F68>0,G68>0),F68/G68,"")
A69: 150 | B69: 1 | C69: mule deer | D69: 2021 | E69: 138 | F69: 1096 | G69: 8 | H69: =IF(E69>0,G69/E69,"") | I69: =IF(AND(F69>0,G69>0),F69/G69,"")
A70: 150 | B70: 1 | C70: mule deer | D70: 2022 | G70: 10 | H70: =IF(E70>0,G70/E70,"") | I70: =IF(AND(F70>0,G70>0),F70/G70,"")
A71: 150 | B71: 1 | C71: mule deer | D71: 2023 | E71: 205 | F71: 1388 | G71: 9 | H71: =IF(E71>0,G71/E71,"") | I71: =IF(AND(F71>0,G71>0),F71/G71,"")
A72: 150 | B72: 1 | C72: mule deer | D72: 2024 | G72: 12 | H72: =IF(E72>0,G72/E72,"") | I72: =IF(AND(F72>0,G72>0),F72/G72,"")
A73: 150 | B73: 1 | C73: mule deer | D73: 2025 | E73: 275 | F73: 1747 | G73: 10 | H73: =IF(E73>0,G73/E73,"") | I73: =IF(AND(F73>0,G73>0),F73/G73,"")
A74: 170 | B74: 1 | C74: mule deer | D74: 2021 | E74: 2244 | F74: 14012 | G74: 48 | H74: =IF(E74>0,G74/E74,"") | I74: =IF(AND(F74>0,G74>0),F74/G74,"")
A75: 170 | B75: 1 | C75: mule deer | D75: 2022 | G75: 40 | H75: =IF(E75>0,G75/E75,"") | I75: =IF(AND(F75>0,G75>0),F75/G75,"")
A76: 170 | B76: 1 | C76: mule deer | D76: 2023 | E76: 2431 | F76: 15560 | G76: 44 | H76: =IF(E76>0,G76/E76,"") | I76: =IF(AND(F76>0,G76>0),F76/G76,"")
A77: 170 | B77: 1 | C77: mule deer | D77: 2024 | G77: 36 | H77: =IF(E77>0,G77/E77,"") | I77: =IF(AND(F77>0,G77>0),F77/G77,"")
A78: 170 | B78: 1 | C78: mule deer | D78: 2025 | E78: 2713 | F78: 19536 | G78: 22 | H78: =IF(E78>0,G78/E78,"") | I78: =IF(AND(F78>0,G78>0),F78/G78,"")
A79: 200 | B79: 2 | C79: mule deer | D79: 2021 | E79: 673 | F79: 5623 | G79: 23 | H79: =IF(E79>0,G79/E79,"") | I79: =IF(AND(F79>0,G79>0),F79/G79,"")
A80: 200 | B80: 2 | C80: mule deer | D80: 2022 | G80: 10 | H80: =IF(E80>0,G80/E80,"") | I80: =IF(AND(F80>0,G80>0),F80/G80,"")
A81: 200 | B81: 2 | C81: mule deer | D81: 2023 | E81: 750 | F81: 5843 | G81: 45 | H81: =IF(E81>0,G81/E81,"") | I81: =IF(AND(F81>0,G81>0),F81/G81,"")
A82: 200 | B82: 2 | C82: mule deer | D82: 2024 | G82: 34 | H82: =IF(E82>0,G82/E82,"") | I82: =IF(AND(F82>0,G82>0),F82/G82,"")
A83: 200 | B83: 2 | C83: mule deer | D83: 2025 | E83: 618 | F83: 4231 | G83: 28 | H83: =IF(E83>0,G83/E83,"") | I83: =IF(AND(F83>0,G83>0),F83/G83,"")
A84: 201 | B84: 2 | C84: mule deer | D84: 2021 | E84: 2164 | F84: 15777 | G84: 87 | H84: =IF(E84>0,G84/E84,"") | I84: =IF(AND(F84>0,G84>0),F84/G84,"")
A85: 201 | B85: 2 | C85: mule deer | D85: 2022 | G85: 166 | H85: =IF(E85>0,G85/E85,"") | I85: =IF(AND(F85>0,G85>0),F85/G85,"")
A86: 201 | B86: 2 | C86: mule deer | D86: 2023 | E86: 3619 | F86: 25408 | G86: 211 | H86: =IF(E86>0,G86/E86,"") | I86: =IF(AND(F86>0,G86>0),F86/G86,"")
A87: 201 | B87: 2 | C87: mule deer | D87: 2024 | G87: 205 | H87: =IF(E87>0,G87/E87,"") | I87: =IF(AND(F87>0,G87>0),F87/G87,"")
A88: 201 | B88: 2 | C88: mule deer | D88: 2025 | E88: 3441 | F88: 23120 | G88: 185 | H88: =IF(E88>0,G88/E88,"") | I88: =IF(AND(F88>0,G88>0),F88/G88,"")
A89: 202 | B89: 2 | C89: mule deer | D89: 2021 | E89: 1402 | F89: 9944 | G89: 95 | H89: =IF(E89>0,G89/E89,"") | I89: =IF(AND(F89>0,G89>0),F89/G89,"")
A90: 202 | B90: 2 | C90: mule deer | D90: 2022 | G90: 67 | H90: =IF(E90>0,G90/E90,"") | I90: =IF(AND(F90>0,G90>0),F90/G90,"")
A91: 202 | B91: 2 | C91: mule deer | D91: 2023 | E91: 1796 | F91: 12826 | G91: 83 | H91: =IF(E91>0,G91/E91,"") | I91: =IF(AND(F91>0,G91>0),F91/G91,"")
A92: 202 | B92: 2 | C92: mule deer | D92: 2024 | G92: 99 | H92: =IF(E92>0,G92/E92,"") | I92: =IF(AND(F92>0,G92>0),F92/G92,"")
A93: 202 | B93: 2 | C93: mule deer | D93: 2025 | E93: 1814 | F93: 11696 | G93: 104 | H93: =IF(E93>0,G93/E93,"") | I93: =IF(AND(F93>0,G93>0),F93/G93,"")
A94: 203 | B94: 2 | C94: mule deer | D94: 2021 | E94: 1498 | F94: 8671 | G94: 96 | H94: =IF(E94>0,G94/E94,"") | I94: =IF(AND(F94>0,G94>0),F94/G94,"")
A95: 204 | B95: 2 | C95: mule deer | D95: 2021 | E95: 1092 | F95: 6666 | G95: 72 | H95: =IF(E95>0,G95/E95,"") | I95: =IF(AND(F95>0,G95>0),F95/G95,"")
A96: 204 | B96: 2 | C96: mule deer | D96: 2022 | G96: 95 | H96: =IF(E96>0,G96/E96,"") | I96: =IF(AND(F96>0,G96>0),F96/G96,"")
A97: 204 | B97: 2 | C97: mule deer | D97: 2023 | E97: 1491 | F97: 9948 | G97: 138 | H97: =IF(E97>0,G97/E97,"") | I97: =IF(AND(F97>0,G97>0),F97/G97,"")
A98: 204 | B98: 2 | C98: mule deer | D98: 2024 | G98: 67 | H98: =IF(E98>0,G98/E98,"") | I98: =IF(AND(F98>0,G98>0),F98/G98,"")
A99: 204 | B99: 2 | C99: mule deer | D99: 2025 | E99: 1386 | F99: 8644 | G99: 92 | H99: =IF(E99>0,G99/E99,"") | I99: =IF(AND(F99>0,G99>0),F99/G99,"")
A100: 210 | B100: 2 | C100: mule deer | D100: 2021 | E100: 870 | F100: 6185 | G100: 49 | H100: =IF(E100>0,G100/E100,"") | I100: =IF(AND(F100>0,G100>0),F100/G100,"")
...
