Workbook

Sheet Summary
A1: Montana big game harvest, statewide
A2: Totals are formulas over the Data sheet, so they update if you edit it.
A4: Year | B4: Mule Deer | C4: Whitetail | D4: Elk | E4: Antelope
A5: 2004 | B5: =SUMIFS(Data!$H$2:$H$11723,Data!$C$2:$C$11723,"mule deer",Data!$D$2:$D$11723,$A5) | C5: =SUMIFS(Data!$H$2:$H$11723,Data!$C$2:$C$11723,"whitetail",Data!$D$2:$D$11723,$A5) | D5: =SUMIFS(Data!$H$2:$H$11723,Data!$C$2:$C$11723,"elk",Data!$D$2:$D$11723,$A5) | E5: =SUMIFS(Data!$H$2:$H$11723,Data!$C$2:$C$11723,"antelope",Data!$D$2:$D$11723,$A5)
A6: 2005 | B6: =SUMIFS(Data!$H$2:$H$11723,Data!$C$2:$C$11723,"mule deer",Data!$D$2:$D$11723,$A6) | C6: =SUMIFS(Data!$H$2:$H$11723,Data!$C$2:$C$11723,"whitetail",Data!$D$2:$D$11723,$A6) | D6: =SUMIFS(Data!$H$2:$H$11723,Data!$C$2:$C$11723,"elk",Data!$D$2:$D$11723,$A6) | E6: =SUMIFS(Data!$H$2:$H$11723,Data!$C$2:$C$11723,"antelope",Data!$D$2:$D$11723,$A6)
A7: 2006 | B7: =SUMIFS(Data!$H$2:$H$11723,Data!$C$2:$C$11723,"mule deer",Data!$D$2:$D$11723,$A7) | C7: =SUMIFS(Data!$H$2:$H$11723,Data!$C$2:$C$11723,"whitetail",Data!$D$2:$D$11723,$A7) | D7: =SUMIFS(Data!$H$2:$H$11723,Data!$C$2:$C$11723,"elk",Data!$D$2:$D$11723,$A7) | E7: =SUMIFS(Data!$H$2:$H$11723,Data!$C$2:$C$11723,"antelope",Data!$D$2:$D$11723,$A7)
A8: 2007 | B8: =SUMIFS(Data!$H$2:$H$11723,Data!$C$2:$C$11723,"mule deer",Data!$D$2:$D$11723,$A8) | C8: =SUMIFS(Data!$H$2:$H$11723,Data!$C$2:$C$11723,"whitetail",Data!$D$2:$D$11723,$A8) | D8: =SUMIFS(Data!$H$2:$H$11723,Data!$C$2:$C$11723,"elk",Data!$D$2:$D$11723,$A8) | E8: =SUMIFS(Data!$H$2:$H$11723,Data!$C$2:$C$11723,"antelope",Data!$D$2:$D$11723,$A8)
A9: 2008 | B9: =SUMIFS(Data!$H$2:$H$11723,Data!$C$2:$C$11723,"mule deer",Data!$D$2:$D$11723,$A9) | C9: =SUMIFS(Data!$H$2:$H$11723,Data!$C$2:$C$11723,"whitetail",Data!$D$2:$D$11723,$A9) | D9: =SUMIFS(Data!$H$2:$H$11723,Data!$C$2:$C$11723,"elk",Data!$D$2:$D$11723,$A9) | E9: =SUMIFS(Data!$H$2:$H$11723,Data!$C$2:$C$11723,"antelope",Data!$D$2:$D$11723,$A9)
A10: 2009 | B10: =SUMIFS(Data!$H$2:$H$11723,Data!$C$2:$C$11723,"mule deer",Data!$D$2:$D$11723,$A10) | C10: =SUMIFS(Data!$H$2:$H$11723,Data!$C$2:$C$11723,"whitetail",Data!$D$2:$D$11723,$A10) | D10: =SUMIFS(Data!$H$2:$H$11723,Data!$C$2:$C$11723,"elk",Data!$D$2:$D$11723,$A10) | E10: =SUMIFS(Data!$H$2:$H$11723,Data!$C$2:$C$11723,"antelope",Data!$D$2:$D$11723,$A10)
A11: 2010 | B11: =SUMIFS(Data!$H$2:$H$11723,Data!$C$2:$C$11723,"mule deer",Data!$D$2:$D$11723,$A11) | C11: =SUMIFS(Data!$H$2:$H$11723,Data!$C$2:$C$11723,"whitetail",Data!$D$2:$D$11723,$A11) | D11: =SUMIFS(Data!$H$2:$H$11723,Data!$C$2:$C$11723,"elk",Data!$D$2:$D$11723,$A11) | E11: =SUMIFS(Data!$H$2:$H$11723,Data!$C$2:$C$11723,"antelope",Data!$D$2:$D$11723,$A11)
A12: 2011 | B12: =SUMIFS(Data!$H$2:$H$11723,Data!$C$2:$C$11723,"mule deer",Data!$D$2:$D$11723,$A12) | C12: =SUMIFS(Data!$H$2:$H$11723,Data!$C$2:$C$11723,"whitetail",Data!$D$2:$D$11723,$A12) | D12: =SUMIFS(Data!$H$2:$H$11723,Data!$C$2:$C$11723,"elk",Data!$D$2:$D$11723,$A12) | E12: =SUMIFS(Data!$H$2:$H$11723,Data!$C$2:$C$11723,"antelope",Data!$D$2:$D$11723,$A12)
A13: 2012 | B13: =SUMIFS(Data!$H$2:$H$11723,Data!$C$2:$C$11723,"mule deer",Data!$D$2:$D$11723,$A13) | C13: =SUMIFS(Data!$H$2:$H$11723,Data!$C$2:$C$11723,"whitetail",Data!$D$2:$D$11723,$A13) | D13: =SUMIFS(Data!$H$2:$H$11723,Data!$C$2:$C$11723,"elk",Data!$D$2:$D$11723,$A13) | E13: =SUMIFS(Data!$H$2:$H$11723,Data!$C$2:$C$11723,"antelope",Data!$D$2:$D$11723,$A13)
A14: 2013 | B14: =SUMIFS(Data!$H$2:$H$11723,Data!$C$2:$C$11723,"mule deer",Data!$D$2:$D$11723,$A14) | C14: =SUMIFS(Data!$H$2:$H$11723,Data!$C$2:$C$11723,"whitetail",Data!$D$2:$D$11723,$A14) | D14: =SUMIFS(Data!$H$2:$H$11723,Data!$C$2:$C$11723,"elk",Data!$D$2:$D$11723,$A14) | E14: =SUMIFS(Data!$H$2:$H$11723,Data!$C$2:$C$11723,"antelope",Data!$D$2:$D$11723,$A14)
A15: 2014 | B15: =SUMIFS(Data!$H$2:$H$11723,Data!$C$2:$C$11723,"mule deer",Data!$D$2:$D$11723,$A15) | C15: =SUMIFS(Data!$H$2:$H$11723,Data!$C$2:$C$11723,"whitetail",Data!$D$2:$D$11723,$A15) | D15: =SUMIFS(Data!$H$2:$H$11723,Data!$C$2:$C$11723,"elk",Data!$D$2:$D$11723,$A15) | E15: =SUMIFS(Data!$H$2:$H$11723,Data!$C$2:$C$11723,"antelope",Data!$D$2:$D$11723,$A15)
A16: 2015 | B16: =SUMIFS(Data!$H$2:$H$11723,Data!$C$2:$C$11723,"mule deer",Data!$D$2:$D$11723,$A16) | C16: =SUMIFS(Data!$H$2:$H$11723,Data!$C$2:$C$11723,"whitetail",Data!$D$2:$D$11723,$A16) | D16: =SUMIFS(Data!$H$2:$H$11723,Data!$C$2:$C$11723,"elk",Data!$D$2:$D$11723,$A16) | E16: =SUMIFS(Data!$H$2:$H$11723,Data!$C$2:$C$11723,"antelope",Data!$D$2:$D$11723,$A16)
... A26: 2025 | B26: =SUMIFS(Data!$H$2:$H$11723,Data!$C$2:$C$11723,"mule deer",Data!$D$2:$D$11723,$A26) | C26: =SUMIFS(Data!$H$2:$H$11723,Data!$C$2:$C$11723,"whitetail",Data!$D$2:$D$11723,$A26) | D26: =SUMIFS(Data!$H$2:$H$11723,Data!$C$2:$C$11723,"elk",Data!$D$2:$D$11723,$A26) | E26: =SUMIFS(Data!$H$2:$H$11723,Data!$C$2:$C$11723,"antelope",Data!$D$2:$D$11723,$A26)
A28: Source: Montana FWP harvest estimates (myfwp.mt.gov).
A29: Hunter numbers are surveyed every other year: deer in odd years, elk and antelope in even years.
A30: General = buck/bull on a general license. Draw = buck/bull needs a permit or license from a drawing (lottery).
A31: Antelope districts use their own numbering. Antelope licenses are all by drawing.

Sheet Top Districts
A1: Best-odds districts by species
A2: Ranked by harvest per hunter, districts with 100+ hunters, using each species' latest surveyed year. Draw districts usually rank high because hunter numbers are capped.
A4: Mule Deer, 2025 | I4: Whitetail, 2025 | Q4: Elk, 2024 | Y4: Antelope, 2024
A5: # | B5: District | C5: License | D5: Hunters | E5: Harvest | F5: Bucks | G5: Per hunter | I5: # | J5: District | K5: License | L5: Hunters | M5: Harvest | N5: Bucks | O5: Per hunter | Q5: # | R5: District | S5: License | T5: Hunters | U5: Harvest | V5: Bulls | W5: Per hunter | Y5: # | Z5: District | AA5: License | AB5: Hunters | AC5: Harvest | AD5: Bucks | AE5: Per hunter
A6: 1 | B6: 392 | C6: Draw | D6: 691 | E6: 327 | F6: 290 | G6: =E6/D6 | I6: 1 | J6: 170 | K6: General | L6: 2713 | M6: 1750 | N6: 808 | O6: =M6/L6 | Q6: 1 | R6: 455 | S6: Draw | T6: 317 | U6: 148 | V6: 48 | W6: =U6/T6 | Y6: 1 | Z6: 705 | AA6: Draw | AB6: 1714 | AC6: 1594 | AD6: 1044 | AE6: =AC6/AB6
A7: 2 | B7: 405 | C7: General | D7: 1279 | E7: 588 | F7: 380 | G7: =E7/D7 | I7: 2 | J7: 444 | K7: General | L7: 840 | M7: 491 | N7: 265 | O7: =M7/L7 | Q7: 2 | R7: 417 | S7: Draw | T7: 662 | U7: 292 | V7: 185 | W7: =U7/T7 | Y7: 2 | Z7: 440 | AA7: Draw | AB7: 176 | AC7: 143 | AD7: 71 | AE7: =AC7/AB7
A8: 3 | B8: 471 | C8: General | D8: 640 | E8: 284 | F8: 266 | G8: =E8/D8 | I8: 3 | J8: 260 | K8: General | L8: 1130 | M8: 633 | N8: 215 | O8: =M8/L8 | Q8: 3 | R8: 580S | S8: General | T8: 477 | U8: 198 | V8: 80 | W8: =U8/T8 | Y8: 3 | Z8: 340 | AA8: Draw | AB8: 417 | AC8: 335 | AD8: 174 | AE8: =AC8/AB8
A9: 4 | B9: 640 | C9: General | D9: 2776 | E9: 1225 | F9: 993 | G9: =E9/D9 | I9: 4 | J9: 445 | K9: General | L9: 1281 | M9: 658 | N9: 296 | O9: =M9/L9 | Q9: 4 | R9: 445 | S9: General | T9: 847 | U9: 350 | V9: 147 | W9: =U9/T9 | Y9: 4 | Z9: 586 | AA9: Draw | AB9: 392 | AC9: 306 | AD9: 203 | AE9: =AC9/AB9
A10: 5 | B10: 403 | C10: General | D10: 418 | E10: 183 | F10: 137 | G10: =E10/D10 | I10: 5 | J10: 309 | K10: General | L10: 802 | M10: 346 | N10: 174 | O10: =M10/L10 | Q10: 5 | R10: 411W | S10: General | T10: 902 | U10: 355 | V10: 156 | W10: =U10/T10 | Y10: 5 | Z10: 650 | AA10: Draw | AB10: 459 | AC10: 344 | AD10: 264 | AE10: =AC10/AB10
A11: 6 | B11: 652 | C11: Draw | D11: 123 | E11: 52 | F11: 48 | G11: =E11/D11 | I11: 6 | J11: 262 | K11: General | L11: 804 | M11: 327 | N11: 172 | O11: =M11/L11 | Q11: 6 | R11: 250 | S11: Draw | T11: 130 | U11: 51 | V11: 36 | W11: =U11/T11 | Y11: 6 | Z11: 620 | AA11: Draw | AB11: 434 | AC11: 310 | AD11: 264 | AE11: =AC11/AB11
A12: 7 | B12: 650 | C12: General | D12: 2010 | E12: 843 | F12: 796 | G12: =E12/D12 | I12: 7 | J12: 311 | K12: General | L12: 1633 | M12: 653 | N12: 298 | O12: =M12/L12 | Q12: 7 | R12: 411E | S12: General | T12: 1381 | U12: 534 | V12: 220 | W12: =U12/T12 | Y12: 7 | Z12: 690 | AA12: Draw | AB12: 341 | AC12: 239 | AD12: 171 | AE12: =AC12/AB12
A13: 8 | B13: 704 | C13: General | D13: 4306 | E13: 1770 | F13: 1720 | G13: =E13/D13 | I13: 8 | J13: 121 | K13: General | L13: 2639 | M13: 979 | N13: 868 | O13: =M13/L13 | Q13: 8 | R13: 700 | S13: Draw | T13: 1757 | U13: 660 | V13: 294 | W13: =U13/T13 | Y13: 8 | Z13: 670 | AA13: Draw | AB13: 314 | AC13: 220 | AD13: 187 | AE13: =AC13/AB13
A14: 9 | B14: 690 | C14: General | D14: 2914 | E14: 1194 | F14: 1087 | G14: =E14/D14 | I14: 9 | J14: 100 | K14: General | L14: 2765 | M14: 1021 | N14: 750 | O14: =M14/L14 | Q14: 9 | R14: 702 | S14: General | T14: 771 | U14: 284 | V14: 102 | W14: =U14/T14 | Y14: 9 | Z14: 430 | AA14: Draw | AB14: 214 | AC14: 148 | AD14: 112 | AE14: =AC14/AB14
A15: 10 | B15: 705 | C15: General | D15: 3585 | E15: 1463 | F15: 1409 | G15: =E15/D15 | I15: 10 | J15: 101 | K15: General | L15: 2913 | M15: 1066 | N15: 770 | O15: =M15/L15 | Q15: 10 | R15: 580N | S15: General | T15: 1353 | U15: 482 | V15: 186 | W15: =U15/T15 | Y15: 10 | Z15: 700 | AA15: Draw | AB15: 1385 | AC15: 956 | AD15: 791 | AE15: =AC15/AB15
A16: 11 | B16: 426 | C16: General | D16: 835 | E16: 335 | F16: 316 | G16: =E16/D16 | I16: 11 | J16: 261 | K16: General | L16: 486 | M16: 174 | N16: 140 | O16: =M16/L16 | Q16: 11 | R16: 446 | S16: General | T16: 1140 | U16: 399 | V16: 167 | W16: =U16/T16 | Y16: 11 | Z16: 480 | AA16: Draw | AB16: 173 | AC16: 118 | AD16: 100 | AE16: =AC16/AB16
A17: 12 | B17: 502 | C17: General | D17: 1625 | E17: 650 | F17: 552 | G17: =E17/D17 | I17: 12 | J17: 580 | K17: General | L17: 1399 | M17: 496 | N17: 254 | O17: =M17/L17 | Q17: 12 | R17: 317 | S17: General | T17: 1303 | U17: 437 | V17: 94 | W17: =U17/T17 | Y17: 12 | Z17: 701 | AA17: Draw | AB17: 1093 | AC17: 728 | AD17: 627 | AE17: =AC17/AB17
... A30: 25 | B30: 700 | C30: General | D30: 3259 | E30: 1015 | F30: 886 | G30: =E30/D30 | I30: 25 | J30: 104 | K30: General | L30: 1575 | M30: 469 | N30: 337 | O30: =M30/L30 | Q30: 25 | R30: 393 | S30: General | T30: 2048 | U30: 590 | V30: 237 | W30: =U30/T30 | Y30: 25 | Z30: 420 | AA30: Draw | AB30: 178 | AC30: 103 | AD30: 81 | AE30: =AC30/AB30

Sheet Trends
A1: Harvest by district and year
A2: Darker green = more animals taken (shaded per species). Change compares the first and latest year.
A4: Mule Deer
A5: District | B5: License | C5: 2004 | D5: 2005 | E5: 2006 | F5: 2007 | G5: 2008 | H5: 2009 | I5: 2010 | J5: 2011 | K5: 2012 | L5: 2013 | M5: 2014 | N5: 2015 | O5: 2016 | P5: 2017 | Q5: 2018 | R5: 2019 | S5: 2020 | T5: 2021 | U5: 2022 | V5: 2023 | W5: 2024 | X5: 2025 | Y5: Change
A6: 100 | B6: General | C6: 222 | D6: 258 | E6: 245 | F6: 187 | G6: 180 | H6: 198 | I6: 194 | J6: 91 | K6: 128 | L6: 119 | M6: 158 | N6: 115 | O6: 212 | P6: 97 | Q6: 66 | R6: 104 | S6: 137 | T6: 165 | U6: 176 | V6: 169 | W6: 113 | X6: 119 | Y6: =IF(AND(ISNUMBER(C6),C6>0,ISNUMBER(X6)),X6/C6-1,"")
A7: 101 | B7: General | C7: 204 | D7: 203 | E7: 170 | F7: 122 | G7: 87 | H7: 71 | I7: 133 | J7: 73 | K7: 81 | L7: 90 | M7: 93 | N7: 57 | O7: 121 | P7: 50 | Q7: 63 | R7: 88 | S7: 66 | T7: 74 | U7: 110 | V7: 106 | W7: 125 | X7: 92 | Y7: =IF(AND(ISNUMBER(C7),C7>0,ISNUMBER(X7)),X7/C7-1,"")
A8: 102 | C8: 100 | D8: 137 | E8: 129 | F8: 103 | G8: 102 | H8: 48 | I8: 71 | J8: 52 | K8: 48 | L8: 91 | M8: 43 | N8: 49 | O8: 79 | P8: 41 | Q8: 28 | R8: 45 | S8: 27 | T8: 54 | Y8: =IF(AND(ISNUMBER(C8),C8>0,ISNUMBER(X8)),X8/C8-1,"")
A9: 103 | B9: General | C9: 418 | D9: 320 | E9: 256 | F9: 249 | G9: 152 | H9: 172 | I9: 156 | J9: 124 | K9: 140 | L9: 155 | M9: 153 | N9: 115 | O9: 184 | P9: 119 | Q9: 112 | R9: 120 | S9: 159 | T9: 138 | U9: 158 | V9: 207 | W9: 233 | X9: 212 | Y9: =IF(AND(ISNUMBER(C9),C9>0,ISNUMBER(X9)),X9/C9-1,"")
A10: 104 | B10: General | C10: 150 | D10: 166 | E10: 119 | F10: 108 | G10: 106 | H10: 80 | I10: 89 | J10: 49 | K10: 56 | L10: 79 | M10: 85 | N10: 83 | O10: 64 | P10: 29 | Q10: 70 | R10: 62 | S10: 81 | T10: 57 | U10: 39 | V10: 59 | W10: 66 | X10: 64 | Y10: =IF(AND(ISNUMBER(C10),C10>0,ISNUMBER(X10)),X10/C10-1,"")
A11: 109 | C11: 74 | D11: 87 | E11: 66 | F11: 42 | G11: 37 | H11: 89 | I11: 50 | J11: 26 | K11: 11 | L11: 25 | M11: 18 | N11: 39 | O11: 21 | P11: 12 | Q11: 37 | R11: 25 | S11: 55 | T11: 39 | Y11: =IF(AND(ISNUMBER(C11),C11>0,ISNUMBER(X11)),X11/C11-1,"")
A12: 110 | B12: General | C12: 104 | D12: 182 | E12: 165 | F12: 90 | G12: 75 | H12: 89 | I12: 76 | J12: 25 | K12: 31 | L12: 68 | M12: 26 | N12: 26 | O12: 53 | P12: 30 | Q12: 38 | R12: 14 | S12: 30 | T12: 8 | U12: 20 | V12: 40 | W12: 25 | X12: 38 | Y12: =IF(AND(ISNUMBER(C12),C12>0,ISNUMBER(X12)),X12/C12-1,"")
A13: 120 | B13: General | C13: 66 | D13: 93 | E13: 96 | F13: 103 | G13: 39 | H13: 67 | I13: 48 | J13: 43 | K13: 53 | L13: 40 | M13: 31 | N13: 42 | O13: 61 | P13: 19 | Q13: 28 | R13: 43 | S13: 37 | T13: 36 | U13: 49 | V13: 47 | W13: 34 | X13: 52 | Y13: =IF(AND(ISNUMBER(C13),C13>0,ISNUMBER(X13)),X13/C13-1,"")
A14: 121 | B14: General | C14: 157 | D14: 256 | E14: 219 | F14: 187 | G14: 232 | H14: 128 | I14: 164 | J14: 118 | K14: 117 | L14: 97 | M14: 110 | N14: 98 | O14: 179 | P14: 92 | Q14: 106 | R14: 119 | S14: 72 | T14: 130 | U14: 120 | V14: 131 | W14: 169 | X14: 176 | Y14: =IF(AND(ISNUMBER(C14),C14>0,ISNUMBER(X14)),X14/C14-1,"")
A15: 122 | B15: General | C15: 208 | D15: 201 | E15: 115 | F15: 176 | G15: 152 | H15: 117 | I15: 135 | J15: 116 | K15: 106 | L15: 120 | M15: 129 | N15: 172 | O15: 175 | P15: 106 | Q15: 113 | R15: 151 | S15: 117 | T15: 123 | U15: 158 | V15: 189 | W15: 201 | X15: 160 | Y15: =IF(AND(ISNUMBER(C15),C15>0,ISNUMBER(X15)),X15/C15-1,"")
A16: 123 | B16: General | C16: 49 | D16: 51 | E16: 71 | F16: 32 | G16: 46 | H16: 59 | I16: 51 | J16: 27 | K16: 53 | L16: 25 | M16: 45 | N16: 20 | O16: 87 | P16: 26 | Q16: 46 | R16: 50 | S16: 13 | T16: 19 | U16: 26 | V16: 47 | W16: 72 | X16: 53 | Y16: =IF(AND(ISNUMBER(C16),C16>0,ISNUMBER(X16)),X16/C16-1,"")
A17: 124 | B17: General | C17: 42 | D17: 47 | E17: 82 | F17: 53 | G17: 52 | H17: 39 | I17: 44 | J17: 33 | K17: 47 | L17: 45 | M17: 39 | N17: 29 | O17: 60 | P17: 53 | Q17: 41 | R17: 50 | S17: 44 | T17: 27 | U17: 71 | V17: 65 | W17: 53 | X17: 75 | Y17: =IF(AND(ISNUMBER(C17),C17>0,ISNUMBER(X17)),X17/C17-1,"")
A18: 130 | B18: General | C18: 60 | D18: 52 | E18: 34 | F18: 45 | G18: 44 | H18: 35 | I18: 45 | J18: 17 | K18: 44 | L18: 20 | M18: 27 | N18: 24 | O18: 56 | P18: 34 | Q18: 33 | R18: 3 | S18: 33 | T18: 14 | U18: 33 | V18: 20 | W18: 32 | X18: 45 | Y18: =IF(AND(ISNUMBER(C18),C18>0,ISNUMBER(X18)),X18/C18-1,"")
A19: 132 | C19: 44 | D19: 24 | E19: 43 | F19: 29 | G19: 38 | H19: 27 | I19: 23 | J19: 15 | K19: 11 | L19: 37 | M19: 47 | N19: 14 | O19: 36 | P19: 30 | Q19: 22 | R19: 33 | Y19: =IF(AND(ISNUMBER(C19),C19>0,ISNUMBER(X19)),X19/C19-1,"")
A20: 140 | B20: General | C20: 90 | D20: 53 | E20: 67 | F20: 60 | G20: 45 | H20: 53 | I20: 20 | J20: 20 | K20: 45 | L20: 28 | M20: 31 | N20: 23 | O20: 40 | P20: 21 | Q20: 9 | R20: 18 | S20: 10 | T20: 28 | U20: 36 | V20: 44 | W20: 31 | X20: 33 | Y20: =IF(AND(ISNUMBER(C20),C20>0,ISNUMBER(X20)),X20/C20-1,"")
A21: 141 | B21: General | C21: 26 | D21: 38 | E21: 7 | F21: 19 | G21: 12 | H21: 9 | I21: 14 | K21: 6 | L21: 6 | M21: 9 | N21: 6 | O21: 3 | P21: 9 | Q21: 3 | R21: 3 | T21: 11 | U21: 7 | V21: 10 | W21: 3 | X21: 7 | Y21: =IF(AND(ISNUMBER(C21),C21>0,ISNUMBER(X21)),X21/C21-1,"")
A22: 150 | B22: General | C22: 50 | D22: 97 | E22: 108 | F22: 58 | G22: 40 | H22: 24 | I22: 30 | J22: 17 | K22: 31 | L22: 58 | M22: 23 | N22: 20 | O22: 15 | P22: 23 | S22: 7 | T22: 8 | U22: 10 | V22: 9 | W22: 12 | X22: 10 | Y22: =IF(AND(ISNUMBER(C22),C22>0,ISNUMBER(X22)),X22/C22-1,"")
A23: 151 | C23: 11 | D23: 13 | E23: 19 | F23: 6 | G23: 15 | H23: 20 | I23: 8 | K23: 3 | L23: 3 | N23: 3 | P23: 6 | Q23: 3 | R23: 6 | Y23: =IF(AND(ISNUMBER(C23),C23>0,ISNUMBER(X23)),X23/C23-1,"")
A24: 170 | B24: General | C24: 17 | D24: 23 | E24: 42 | F24: 20 | G24: 41 | H24: 41 | I24: 21 | J24: 31 | K24: 18 | L24: 3 | M24: 28 | N24: 26 | O24: 27 | P24: 27 | Q24: 23 | R24: 39 | S24: 14 | T24: 48 | U24: 40 | V24: 44 | W24: 36 | X24: 22 | Y24: =IF(AND(ISNUMBER(C24),C24>0,ISNUMBER(X24)),X24/C24-1,"")
A25: 200 | B25: General | C25: 43 | D25: 58 | E25: 54 | F25: 43 | G25: 61 | H25: 17 | I25: 42 | J25: 20 | K25: 22 | L25: 17 | M25: 26 | N25: 12 | O25: 45 | P25: 30 | Q25: 43 | R25: 47 | S25: 39 | T25: 23 | U25: 10 | V25: 45 | W25: 34 | X25: 28 | Y25: =IF(AND(ISNUMBER(C25),C25>0,ISNUMBER(X25)),X25/C25-1,"")
A26: 201 | B26: General | C26: 131 | D26: 104 | E26: 185 | F26: 87 | G26: 114 | H26: 77 | I26: 79 | J26: 67 | K26: 64 | L26: 76 | M26: 59 | N26: 79 | O26: 121 | P26: 34 | Q26: 68 | R26: 96 | S26: 60 | T26: 87 | U26: 166 | V26: 211 | W26: 205 | X26: 185 | Y26: =IF(AND(ISNUMBER(C26),C26>0,ISNUMBER(X26)),X26/C26-1,"")
A27: 202 | B27: Draw | C27: 117 | D27: 98 | E27: 98 | F27: 91 | G27: 77 | H27: 61 | I27: 100 | J27: 48 | K27: 83 | L27: 74 | M27: 79 | N27: 81 | O27: 121 | P27: 81 | Q27: 88 | R27: 108 | S27: 104 | T27: 95 | U27: 67 | V27: 83 | W27: 99 | X27: 104 | Y27: =IF(AND(ISNUMBER(C27),C27>0,ISNUMBER(X27)),X27/C27-1,"")
A28: 203 | C28: 122 | D28: 128 | E28: 145 | F28: 139 | G28: 57 | H28: 68 | I28: 87 | J28: 115 | K28: 84 | L28: 73 | M28: 136 | N28: 121 | O28: 160 | P28: 118 | Q28: 128 | R28: 119 | S28: 134 | T28: 96 | Y28: =IF(AND(ISNUMBER(C28),C28>0,ISNUMBER(X28)),X28/C28-1,"")
A29: 204 | B29: General | C29: 146 | D29: 137 | E29: 259 | F29: 106 | G29: 142 | H29: 89 | I29: 123 | J29: 129 | K29: 176 | L29: 146 | M29: 197 | N29: 166 | O29: 155 | P29: 147 | Q29: 109 | R29: 92 | S29: 70 | T29: 72 | U29: 95 | V29: 138 | W29: 67 | X29: 92 | Y29: =IF(AND(ISNUMBER(C29),C29>0,ISNUMBER(X29)),X29/C29-1,"")
A30: 210 | B30: Draw | C30: 68 | D30: 112 | E30: 86 | F30: 115 | G30: 58 | H30: 77 | I30: 77 | J30: 64 | K30: 57 | L30: 54 | M30: 47 | N30: 44 | O30: 48 | P30: 50 | Q30: 63 | R30: 46 | S30: 70 | T30: 49 | U30: 57 | V30: 67 | W30: 74 | X30: 62 | Y30: =IF(AND(ISNUMBER(C30),C30>0,ISNUMBER(X30)),X30/C30-1,"")
A31: 211 | B31: General | C31: 44 | D31: 37 | E31: 37 | F31: 33 | G31: 21 | H31: 17 | I31: 3 | J31: 14 | K31: 22 | L31: 17 | M31: 34 | N31: 19 | O31: 36 | P31: 27 | Q31: 25 | R31: 20 | S31: 24 | T31: 35 | U31: 31 | V31: 40 | W31: 53 | X31: 37 | Y31: =IF(AND(ISNUMBER(C31),C31>0,ISNUMBER(X31)),X31/C31-1,"")
A32: 212 | B32: General | C32: 263 | D32: 332 | E32: 343 | F32: 180 | G32: 90 | H32: 155 | I32: 178 | J32: 170 | K32: 212 | L32: 240 | M32: 179 | N32: 265 | O32: 173 | P32: 148 | Q32: 88 | R32: 86 | S32: 55 | T32: 38 | U32: 49 | V32: 43 | W32: 62 | X32: 79 | Y32: =IF(AND(ISNUMBER(C32),C32>0,ISNUMBER(X32)),X32/C32-1,"")
A33: 213 | B33: General | C33: 51 | D33: 95 | E33: 98 | F33: 56 | G33: 51 | H33: 45 | I33: 67 | J33: 65 | K33: 117 | L33: 124 | M33: 80 | N33: 121 | O33: 102 | P33: 81 | Q33: 99 | R33: 63 | S33: 141 | T33: 104 | U33: 129 | V33: 145 | W33: 180 | X33: 199 | Y33: =IF(AND(ISNUMBER(C33),C33>0,ISNUMBER(X33)),X33/C33-1,"")
A34: 214 | B34: General | C34: 62 | D34: 107 | E34: 93 | F34: 35 | G34: 29 | H34: 36 | I34: 24 | J34: 30 | K34: 37 | L34: 15 | M34: 26 | N34: 54 | O34: 43 | P34: 22 | Q34: 30 | R34: 32 | S34: 23 | T34: 16 | U34: 20 | V34: 27 | W34: 45 | X34: 14 | Y34: =IF(AND(ISNUMBER(C34),C34>0,ISNUMBER(X34)),X34/C34-1,"")
A35: 215 | B35: General | C35: 209 | D35: 221 | E35: 242 | F35: 138 | G35: 155 | H35: 168 | I35: 253 | J35: 190 | K35: 107 | L35: 135 | M35: 113 | N35: 164 | O35: 187 | P35: 182 | Q35: 136 | R35: 86 | S35: 100 | T35: 86 | U35: 150 | V35: 140 | W35: 188 | X35: 161 | Y35: =IF(AND(ISNUMBER(C35),C35>0,ISNUMBER(X35)),X35/C35-1,"")
A36: 216 | B36: General | C36: 59 | D36: 92 | E36: 82 | F36: 47 | G36: 42 | H36: 15 | I36: 43 | J36: 25 | K36: 67 | L36: 56 | M36: 65 | N36: 89 | O36: 63 | P36: 80 | Q36: 98 | R36: 73 | S36: 73 | T36: 55 | U36: 74 | V36: 72 | W36: 75 | X36: 90 | Y36: =IF(AND(ISNUMBER(C36),C36>0,ISNUMBER(X36)),X36/C36-1,"")
A37: 217 | B37: General | O37: 31 | P37: 59 | Q37: 57 | R37: 39 | S37: 13 | T37: 44 | U37: 40 | V37: 32 | W37: 44 | X37: 52 | Y37: =IF(AND(ISNUMBER(C37),C37>0,ISNUMBER(X37)),X37/C37-1,"")
A38: 240 | B38: General | C38: 138 | D38: 155 | E38: 249 | F38: 164 | G38: 75 | H38: 81 | I38: 90 | J38: 79 | K38: 81 | L38: 115 | M38: 118 | N38: 106 | O38: 136 | P38: 106 | Q38: 100 | R38: 112 | S38: 120 | T38: 114 | U38: 108 | V38: 114 | W38: 132 | X38: 135 | Y38: =IF(AND(ISNUMBER(C38),C38>0,ISNUMBER(X38)),X38/C38-1,"")
A39: 250 | B39: Draw | C39: 272 | D39: 264 | E39: 274 | F39: 176 | G39: 134 | H39: 88 | I39: 45 | J39: 29 | K39: 40 | L39: 61 | M39: 13 | N39: 21 | O39: 12 | P39: 21 | Q39: 10 | R39: 16 | S39: 14 | T39: 17 | U39: 22 | V39: 23 | W39: 17 | X39: 18 | Y39: =IF(AND(ISNUMBER(C39),C39>0,ISNUMBER(X39)),X39/C39-1,"")
A40: 260 | B40: General | C40: 2 | D40: 7 | E40: 32 | F40: 55 | G40: 21 | H40: 27 | I40: 13 | J40: 6 | K40: 13 | L40: 10 | M40: 17 | N40: 12 | O40: 24 | P40: 21 | Q40: 20 | R40: 24 | S40: 16 | T40: 33 | U40: 42 | V40: 45 | W40: 6 | X40: 35 | Y40: =IF(AND(ISNUMBER(C40),C40>0,ISNUMBER(X40)),X40/C40-1,"")
A41: 261 | B41: Draw | C41: 73 | D41: 93 | E41: 49 | F41: 53 | G41: 67 | H41: 51 | I41: 47 | J41: 81 | K41: 80 | L41: 57 | M41: 33 | N41: 13 | O41: 38 | P41: 42 | Q41: 24 | R41: 19 | S41: 18 | T41: 12 | U41: 14 | V41: 8 | W41: 15 | X41: 9 | Y41: =IF(AND(ISNUMBER(C41),C41>0,ISNUMBER(X41)),X41/C41-1,"")
A42: 262 | B42: Draw | N42: 62 | O42: 59 | P42: 61 | Q42: 116 | R42: 69 | S42: 78 | T42: 71 | U42: 50 | V42: 34 | W42: 47 | X42: 41 | Y42: =IF(AND(ISNUMBER(C42),C42>0,ISNUMBER(X42)),X42/C42-1,"")
A43: 270 | B43: Draw | C43: 365 | D43: 437 | E43: 323 | F43: 252 | G43: 184 | H43: 118 | I43: 131 | J43: 72 | K43: 94 | L43: 59 | M43: 52 | N43: 56 | O43: 42 | P43: 49 | Q43: 76 | R43: 77 | S43: 86 | T43: 92 | U43: 67 | V43: 87 | W43: 80 | X43: 77 | Y43: =IF(AND(ISNUMBER(C43),C43>0,ISNUMBER(X43)),X43/C43-1,"")
A44: 280 | B44: General | C44: 43 | D44: 64 | E44: 118 | F44: 25 | G44: 37 | H44: 34 | I44: 22 | J44: 30 | K44: 21 | L44: 11 | M44: 9 | N44: 11 | O44: 15 | P44: 6 | Q44: 9 | R44: 6 | S44: 5 | T44: 3 | U44: 7 | V44: 3 | W44: 12 | X44: 7 | Y44: =IF(AND(ISNUMBER(C44),C44>0,ISNUMBER(X44)),X44/C44-1,"")
A45: 281 | B45: General | C45: 127 | D45: 169 | E45: 193 | F45: 142 | G45: 121 | H45: 84 | I45: 93 | J45: 78 | K45: 60 | L45: 46 | M45: 49 | N45: 56 | O45: 57 | P45: 44 | Q45: 60 | R45: 40 | S45: 28 | T45: 51 | U45: 71 | V45: 69 | W45: 75 | X45: 88 | Y45: =IF(AND(ISNUMBER(C45),C45>0,ISNUMBER(X45)),X45/C45-1,"")
A46: 282 | B46: General | C46: 43 | D46: 15 | E46: 35 | F46: 8 | G46: 3 | H46: 5 | I46: 5 | K46: 3 | L46: 3 | O46: 3 | P46: 3 | Q46: 6 | S46: 7 | T46: 8 | U46: 17 | V46: 5 | W46: 11 | X46: 11 | Y46: =IF(AND(ISNUMBER(C46),C46>0,ISNUMBER(X46)),X46/C46-1,"")
A47: 283 | C47: 132 | D47: 145 | E47: 159 | F47: 106 | G47: 97 | H47: 77 | I47: 104 | J47: 56 | K47: 70 | L47: 54 | M47: 55 | N47: 44 | O47: 83 | P47: 45 | Q47: 57 | R47: 59 | S47: 31 | T47: 35 | Y47: =IF(AND(ISNUMBER(C47),C47>0,ISNUMBER(X47)),X47/C47-1,"")
A48: 284 | B48: General | C48: 23 | D48: 11 | E48: 6 | F48: 3 | G48: 6 | H48: 3 | J48: 6 | K48: 8 | L48: 3 | M48: 6 | N48: 14 | O48: 27 | P48: 3 | Q48: 10 | R48: 20 | S48: 5 | T48: 3 | U48: 10 | V48: 7 | W48: 3 | X48: 13 | Y48: =IF(AND(ISNUMBER(C48),C48>0,ISNUMBER(X48)),X48/C48-1,"")
A49: 285 | B49: General | C49: 154 | D49: 142 | E49: 188 | F49: 133 | G49: 95 | H49: 100 | I49: 72 | J49: 40 | K49: 42 | L49: 34 | M49: 51 | N49: 60 | O49: 49 | P49: 56 | Q49: 41 | R49: 51 | S49: 40 | T49: 44 | U49: 85 | V49: 100 | W49: 109 | X49: 144 | Y49: =IF(AND(ISNUMBER(C49),C49>0,ISNUMBER(X49)),X49/C49-1,"")
A50: 290 | B50: General | C50: 8 | D50: 6 | E50: 10 | F50: 26 | G50: 8 | H50: 4 | I50: 5 | J50: 3 | K50: 5 | L50: 9 | M50: 3 | N50: 8 | O50: 18 | P50: 15 | Q50: 13 | R50: 26 | S50: 17 | T50: 19 | U50: 26 | V50: 20 | W50: 9 | X50: 17 | Y50: =IF(AND(ISNUMBER(C50),C50>0,ISNUMBER(X50)),X50/C50-1,"")
A51: 291 | B51: Draw | C51: 170 | D51: 118 | E51: 174 | F51: 113 | G51: 167 | H51: 187 | I51: 135 | J51: 152 | K51: 122 | L51: 91 | M51: 47 | N51: 57 | O51: 54 | P51: 62 | Q51: 53 | R51: 38 | S51: 50 | T51: 65 | U51: 39 | V51: 44 | W51: 60 | X51: 65 | Y51: =IF(AND(ISNUMBER(C51),C51>0,ISNUMBER(X51)),X51/C51-1,"")
A52: 292 | B52: General | C52: 320 | D52: 382 | E52: 411 | F52: 373 | G52: 268 | H52: 268 | I52: 335 | J52: 205 | K52: 255 | L52: 198 | M52: 217 | N52: 250 | O52: 219 | P52: 211 | Q52: 125 | R52: 119 | S52: 123 | T52: 149 | U52: 112 | V52: 158 | W52: 235 | X52: 242 | Y52: =IF(AND(ISNUMBER(C52),C52>0,ISNUMBER(X52)),X52/C52-1,"")
A53: 293 | B53: General | C53: 182 | D53: 200 | E53: 249 | F53: 146 | G53: 152 | H53: 119 | I53: 155 | J53: 121 | K53: 98 | L53: 105 | M53: 130 | N53: 192 | O53: 189 | P53: 89 | Q53: 52 | R53: 50 | S53: 54 | T53: 50 | U53: 81 | V53: 83 | W53: 60 | X53: 66 | Y53: =IF(AND(ISNUMBER(C53),C53>0,ISNUMBER(X53)),X53/C53-1,"")
A54: 298 | B54: General | G54: 62 | H54: 115 | I54: 19 | J54: 56 | K54: 36 | L54: 39 | M54: 6 | N54: 20 | O54: 27 | P54: 12 | Q54: 14 | R54: 9 | S54: 4 | T54: 12 | U54: 17 | V54: 20 | W54: 28 | X54: 42 | Y54: =IF(AND(ISNUMBER(C54),C54>0,ISNUMBER(X54)),X54/C54-1,"")
A55: 300 | C55: 70 | D55: 103 | E55: 113 | F55: 87 | G55: 100 | H55: 85 | I55: 67 | J55: 52 | K55: 65 | L55: 54 | M55: 41 | N55: 85 | O55: 92 | P55: 104 | Q55: 95 | R55: 87 | S55: 122 | T55: 129 | Y55: =IF(AND(ISNUMBER(C55),C55>0,ISNUMBER(X55)),X55/C55-1,"")
A56: 301 | B56: General | C56: 135 | D56: 114 | E56: 121 | F56: 103 | G56: 100 | H56: 82 | I56: 62 | J56: 50 | K56: 67 | L56: 69 | M56: 79 | N56: 66 | O56: 116 | P56: 97 | Q56: 120 | R56: 74 | S56: 74 | T56: 76 | U56: 105 | V56: 102 | W56: 99 | X56: 146 | Y56: =IF(AND(ISNUMBER(C56),C56>0,ISNUMBER(X56)),X56/C56-1,"")
A57: 302 | B57: General | C57: 158 | D57: 148 | E57: 202 | F57: 165 | G57: 81 | H57: 85 | I57: 49 | J57: 43 | K57: 118 | L57: 130 | M57: 113 | N57: 176 | O57: 257 | P57: 202 | Q57: 193 | R57: 160 | S57: 167 | T57: 183 | U57: 130 | V57: 140 | W57: 194 | X57: 232 | Y57: =IF(AND(ISNUMBER(C57),C57>0,ISNUMBER(X57)),X57/C57-1,"")
A58: 303 | B58: Draw | U58: 68 | V58: 78 | W58: 50 | X58: 47 | Y58: =IF(AND(ISNUMBER(C58),C58>0,ISNUMBER(X58)),X58/C58-1,"")
A59: 304 | B59: General | U59: 108 | V59: 63 | W59: 103 | X59: 74 | Y59: =IF(AND(ISNUMBER(C59),C59>0,ISNUMBER(X59)),X59/C59-1,"")
A60: 309 | B60: General | D60: 25 | E60: 59 | F60: 47 | G60: 42 | H60: 32 | I60: 20 | J60: 37 | K60: 34 | L60: 38 | M60: 26 | N60: 17 | O60: 41 | P60: 34 | Q60: 86 | R60: 36 | S60: 48 | T60: 21 | U60: 33 | V60: 23 | W60: 40 | X60: 68 | Y60: =IF(AND(ISNUMBER(C60),C60>0,ISNUMBER(X60)),X60/C60-1,"")
A61: 310 | B61: General | C61: 44 | D61: 47 | E61: 38 | F61: 33 | G61: 16 | H61: 18 | I61: 9 | J61: 26 | K61: 39 | L61: 6 | M61: 11 | N61: 20 | O61: 18 | P61: 35 | Q61: 28 | R61: 52 | S61: 17 | T61: 31 | U61: 32 | V61: 55 | W61: 39 | X61: 37 | Y61: =IF(AND(ISNUMBER(C61),C61>0,ISNUMBER(X61)),X61/C61-1,"")
A62: 311 | B62: General | C62: 494 | D62: 437 | E62: 497 | F62: 395 | G62: 343 | H62: 231 | I62: 266 | J62: 293 | K62: 266 | L62: 311 | M62: 190 | N62: 268 | O62: 333 | P62: 437 | Q62: 364 | R62: 342 | S62: 336 | T62: 413 | U62: 306 | V62: 320 | W62: 395 | X62: 295 | Y62: =IF(AND(ISNUMBER(C62),C62>0,ISNUMBER(X62)),X62/C62-1,"")
A63: 312 | B63: General | C63: 296 | D63: 363 | E63: 428 | F63: 309 | G63: 290 | H63: 207 | I63: 175 | J63: 172 | K63: 155 | L63: 211 | M63: 169 | N63: 152 | O63: 299 | P63: 169 | Q63: 186 | R63: 195 | S63: 216 | T63: 194 | U63: 191 | V63: 189 | W63: 171 | X63: 178 | Y63: =IF(AND(ISNUMBER(C63),C63>0,ISNUMBER(X63)),X63/C63-1,"")
A64: 313 | B64: General | C64: 270 | D64: 336 | E64: 482 | F64: 299 | G64: 250 | H64: 287 | I64: 221 | J64: 230 | K64: 160 | L64: 246 | M64: 202 | N64: 206 | O64: 264 | P64: 303 | Q64: 258 | R64: 234 | S64: 174 | T64: 164 | U64: 189 | V64: 156 | W64: 233 | X64: 198 | Y64: =IF(AND(ISNUMBER(C64),C64>0,ISNUMBER(X64)),X64/C64-1,"")
A65: 314 | B65: General | C65: 529 | D65: 380 | E65: 448 | F65: 370 | G65: 337 | H65: 303 | I65: 288 | J65: 312 | K65: 248 | L65: 231 | M65: 253 | N65: 186 | O65: 291 | P65: 218 | Q65: 244 | R65: 231 | S65: 192 | T65: 233 | U65: 236 | V65: 235 | W65: 335 | X65: 307 | Y65: =IF(AND(ISNUMBER(C65),C65>0,ISNUMBER(X65)),X65/C65-1,"")
A66: 315 | B66: General | C66: 804 | D66: 612 | E66: 580 | F66: 577 | G66: 467 | H66: 468 | I66: 433 | J66: 400 | K66: 316 | L66: 256 | M66: 229 | N66: 246 | O66: 289 | P66: 265 | Q66: 204 | R66: 150 | S66: 247 | T66: 197 | U66: 293 | V66: 253 | W66: 321 | X66: 316 | Y66: =IF(AND(ISNUMBER(C66),C66>0,ISNUMBER(X66)),X66/C66-1,"")
A67: 316 | B67: General | C67: 27 | D67: 35 | E67: 22 | F67: 30 | G67: 24 | H67: 23 | I67: 11 | J67: 6 | K67: 17 | L67: 14 | M67: 17 | N67: 22 | O67: 23 | P67: 30 | Q67: 27 | R67: 24 | T67: 11 | U67: 17 | V67: 23 | W67: 42 | X67: 72 | Y67: =IF(AND(ISNUMBER(C67),C67>0,ISNUMBER(X67)),X67/C67-1,"")
A68: 317 | B68: General | C68: 227 | D68: 212 | E68: 251 | F68: 203 | G68: 179 | H68: 134 | I68: 158 | J68: 178 | K68: 181 | L68: 178 | M68: 190 | N68: 163 | O68: 243 | P68: 247 | Q68: 306 | R68: 207 | S68: 195 | T68: 217 | U68: 298 | V68: 241 | W68: 184 | X68: 205 | Y68: =IF(AND(ISNUMBER(C68),C68>0,ISNUMBER(X68)),X68/C68-1,"")
A69: 318 | B69: General | C69: 167 | D69: 122 | E69: 139 | F69: 109 | G69: 69 | H69: 81 | I69: 88 | J69: 95 | K69: 75 | L69: 107 | M69: 60 | N69: 110 | O69: 86 | P69: 98 | Q69: 68 | R69: 37 | S69: 90 | T69: 91 | U69: 93 | V69: 101 | W69: 151 | X69: 78 | Y69: =IF(AND(ISNUMBER(C69),C69>0,ISNUMBER(X69)),X69/C69-1,"")
A70: 319 | B70: Draw | C70: 175 | D70: 225 | E70: 168 | F70: 143 | G70: 125 | H70: 78 | I70: 78 | J70: 76 | K70: 77 | L70: 84 | M70: 87 | N70: 103 | O70: 122 | P70: 88 | Q70: 69 | R70: 81 | S70: 66 | T70: 57 | U70: 106 | V70: 67 | W70: 94 | X70: 89 | Y70: =IF(AND(ISNUMBER(C70),C70>0,ISNUMBER(X70)),X70/C70-1,"")
A71: 320 | B71: General | C71: 257 | D71: 306 | E71: 309 | F71: 257 | G71: 196 | H71: 126 | I71: 141 | J71: 101 | K71: 117 | L71: 136 | M71: 122 | N71: 135 | O71: 283 | P71: 269 | Q71: 217 | R71: 182 | S71: 208 | T71: 263 | U71: 434 | V71: 393 | W71: 381 | X71: 396 | Y71: =IF(AND(ISNUMBER(C71),C71>0,ISNUMBER(X71)),X71/C71-1,"")
A72: 321 | B72: General | C72: 67 | D72: 58 | E72: 86 | F72: 45 | G72: 32 | H72: 37 | I72: 28 | J72: 22 | K72: 28 | L72: 17 | M72: 23 | N72: 9 | O72: 51 | P72: 32 | Q72: 28 | R72: 17 | S72: 29 | T72: 30 | U72: 54 | V72: 93 | W72: 65 | X72: 85 | Y72: =IF(AND(ISNUMBER(C72),C72>0,ISNUMBER(X72)),X72/C72-1,"")
A73: 322 | B73: General | C73: 144 | D73: 351 | E73: 336 | F73: 332 | G73: 206 | H73: 223 | I73: 110 | J73: 131 | K73: 148 | L73: 184 | M73: 169 | N73: 163 | O73: 268 | P73: 230 | Q73: 323 | R73: 221 | S73: 220 | T73: 239 | U73: 1304 | V73: 1248 | W73: 338 | X73: 261 | Y73: =IF(AND(ISNUMBER(C73),C73>0,ISNUMBER(X73)),X73/C73-1,"")
A74: 323 | B74: General | C74: 73 | D74: 60 | E74: 57 | F74: 46 | G74: 31 | H74: 37 | I74: 19 | J74: 20 | K74: 47 | L74: 45 | M74: 65 | N74: 49 | O74: 80 | P74: 53 | Q74: 77 | R74: 75 | S74: 55 | T74: 56 | W74: 474 | X74: 400 | Y74: =IF(AND(ISNUMBER(C74),C74>0,ISNUMBER(X74)),X74/C74-1,"")
A75: 324 | B75: General | C75: 71 | D75: 68 | E75: 89 | F75: 54 | G75: 42 | H75: 44 | I75: 26 | J75: 22 | K75: 42 | L75: 25 | M75: 35 | N75: 50 | O75: 41 | P75: 44 | Q75: 31 | R75: 53 | S75: 43 | T75: 60 | W75: 295 | X75: 274 | Y75: =IF(AND(ISNUMBER(C75),C75>0,ISNUMBER(X75)),X75/C75-1,"")
A76: 325 | C76: 594 | D76: 458 | E76: 566 | F76: 408 | G76: 376 | H76: 366 | I76: 164 | J76: 177 | K76: 218 | L76: 209 | M76: 263 | N76: 263 | O76: 434 | P76: 309 | Q76: 334 | R76: 381 | S76: 371 | T76: 463 | Y76: =IF(AND(ISNUMBER(C76),C76>0,ISNUMBER(X76)),X76/C76-1,"")
A77: 326 | C77: 487 | D77: 403 | E77: 337 | F77: 380 | G77: 208 | H77: 224 | I77: 86 | J77: 119 | K77: 92 | L77: 70 | M77: 99 | N77: 97 | O77: 128 | P77: 156 | Q77: 93 | R77: 176 | S77: 147 | T77: 150 | Y77: =IF(AND(ISNUMBER(C77),C77>0,ISNUMBER(X77)),X77/C77-1,"")
A78: 327 | C78: 42 | D78: 32 | E78: 26 | F78: 50 | G78: 39 | H78: 34 | I78: 39 | J78: 28 | K78: 42 | L78: 33 | M78: 59 | N78: 83 | O78: 65 | P78: 29 | Q78: 69 | R78: 54 | S78: 60 | T78: 70 | Y78: =IF(AND(ISNUMBER(C78),C78>0,ISNUMBER(X78)),X78/C78-1,"")
A79: 328 | C79: 45 | D79: 48 | E79: 32 | F79: 44 | G79: 35 | H79: 19 | I79: 20 | J79: 39 | K79: 27 | L79: 38 | M79: 38 | N79: 31 | O79: 59 | P79: 19 | Q79: 28 | R79: 42 | S79: 37 | T79: 57 | Y79: =IF(AND(ISNUMBER(C79),C79>0,ISNUMBER(X79)),X79/C79-1,"")
A80: 329 | B80: General | C80: 124 | D80: 138 | E80: 154 | F80: 108 | G80: 112 | H80: 70 | I80: 44 | J80: 60 | K80: 47 | L80: 61 | M80: 78 | N80: 74 | O80: 209 | P80: 162 | Q80: 152 | R80: 134 | S80: 156 | T80: 123 | U80: 116 | V80: 136 | W80: 160 | X80: 192 | Y80: =IF(AND(ISNUMBER(C80),C80>0,ISNUMBER(X80)),X80/C80-1,"")
A81: 330 | C81: 246 | D81: 260 | E81: 303 | F81: 199 | G81: 150 | H81: 150 | I81: 112 | J81: 115 | K81: 101 | L81: 125 | M81: 126 | N81: 154 | O81: 209 | P81: 152 | Q81: 154 | R81: 139 | S81: 189 | T81: 200 | Y81: =IF(AND(ISNUMBER(C81),C81>0,ISNUMBER(X81)),X81/C81-1,"")
A82: 331 | B82: General | C82: 384 | D82: 392 | E82: 434 | F82: 332 | G82: 319 | H82: 241 | I82: 321 | J82: 334 | K82: 363 | L82: 347 | M82: 248 | N82: 334 | O82: 424 | P82: 351 | Q82: 348 | R82: 382 | S82: 380 | T82: 297 | U82: 345 | V82: 310 | W82: 481 | X82: 415 | Y82: =IF(AND(ISNUMBER(C82),C82>0,ISNUMBER(X82)),X82/C82-1,"")
A83: 332 | C83: 72 | D83: 153 | E83: 105 | F83: 39 | G83: 65 | H83: 23 | I83: 69 | J83: 35 | K83: 65 | L83: 45 | M83: 54 | N83: 57 | O83: 62 | P83: 62 | Q83: 34 | R83: 40 | S83: 53 | T83: 49 | Y83: =IF(AND(ISNUMBER(C83),C83>0,ISNUMBER(X83)),X83/C83-1,"")
A84: 333 | C84: 496 | D84: 463 | E84: 492 | F84: 393 | G84: 319 | H84: 270 | I84: 169 | J84: 145 | K84: 121 | L84: 148 | M84: 147 | N84: 122 | O84: 275 | P84: 190 | Q84: 226 | R84: 231 | S84: 236 | T84: 259 | Y84: =IF(AND(ISNUMBER(C84),C84>0,ISNUMBER(X84)),X84/C84-1,"")
A85: 334 | I85: 14 | J85: 11 | K85: 14 | L85: 16 | M85: 23 | N85: 26 | O85: 47 | P85: 17 | Q85: 25 | R85: 23 | S85: 33 | T85: 20 | Y85: =IF(AND(ISNUMBER(C85),C85>0,ISNUMBER(X85)),X85/C85-1,"")
A86: 335 | B86: General | C86: 264 | D86: 254 | E86: 277 | F86: 225 | G86: 221 | H86: 201 | I86: 169 | J86: 225 | K86: 204 | L86: 174 | M86: 147 | N86: 207 | O86: 207 | P86: 202 | Q86: 214 | R86: 159 | S86: 162 | T86: 206 | U86: 249 | V86: 245 | W86: 244 | X86: 256 | Y86: =IF(AND(ISNUMBER(C86),C86>0,ISNUMBER(X86)),X86/C86-1,"")
A87: 339 | B87: General | C87: 231 | D87: 294 | E87: 361 | F87: 244 | G87: 255 | H87: 180 | I87: 170 | J87: 172 | K87: 133 | L87: 142 | M87: 116 | N87: 117 | O87: 136 | P87: 100 | Q87: 126 | R87: 124 | S87: 118 | T87: 105 | U87: 110 | V87: 111 | W87: 121 | X87: 132 | Y87: =IF(AND(ISNUMBER(C87),C87>0,ISNUMBER(X87)),X87/C87-1,"")
A88: 340 | B88: General | C88: 300 | D88: 347 | E88: 450 | F88: 334 | G88: 358 | H88: 280 | I88: 223 | J88: 308 | K88: 274 | L88: 267 | M88: 237 | N88: 278 | O88: 403 | P88: 321 | Q88: 547 | R88: 435 | S88: 403 | T88: 355 | U88: 187 | V88: 221 | W88: 307 | X88: 273 | Y88: =IF(AND(ISNUMBER(C88),C88>0,ISNUMBER(X88)),X88/C88-1,"")
A89: 341 | C89: 100 | D89: 138 | E89: 163 | F89: 94 | G89: 86 | H89: 44 | I89: 53 | J89: 31 | K89: 65 | L89: 37 | M89: 82 | N89: 118 | O89: 114 | P89: 110 | Q89: 88 | R89: 131 | S89: 114 | T89: 113 | Y89: =IF(AND(ISNUMBER(C89),C89>0,ISNUMBER(X89)),X89/C89-1,"")
A90: 343 | B90: General | C90: 283 | D90: 267 | E90: 395 | F90: 258 | G90: 260 | H90: 273 | I90: 251 | J90: 235 | K90: 194 | L90: 153 | M90: 100 | N90: 166 | O90: 194 | P90: 157 | Q90: 178 | R90: 97 | S90: 128 | T90: 107 | U90: 104 | V90: 172 | W90: 201 | X90: 190 | Y90: =IF(AND(ISNUMBER(C90),C90>0,ISNUMBER(X90)),X90/C90-1,"")
A91: 350 | B91: General | C91: 119 | D91: 197 | E91: 124 | F91: 143 | G91: 74 | H91: 99 | I91: 97 | J91: 84 | K91: 89 | L91: 101 | M91: 125 | N91: 86 | O91: 140 | P91: 107 | Q91: 65 | R91: 68 | S91: 75 | T91: 56 | U91: 122 | V91: 111 | W91: 125 | X91: 134 | Y91: =IF(AND(ISNUMBER(C91),C91>0,ISNUMBER(X91)),X91/C91-1,"")
A92: 360 | B92: General | C92: 218 | D92: 174 | E92: 225 | F92: 181 | G92: 172 | H92: 142 | I92: 157 | J92: 78 | K92: 60 | L92: 95 | M92: 150 | N92: 196 | O92: 171 | P92: 214 | Q92: 202 | R92: 182 | S92: 146 | T92: 141 | U92: 198 | V92: 182 | W92: 221 | X92: 221 | Y92: =IF(AND(ISNUMBER(C92),C92>0,ISNUMBER(X92)),X92/C92-1,"")
A93: 361 | B93: General | C93: 23 | D93: 12 | E93: 19 | F93: 6 | G93: 16 | H93: 22 | I93: 6 | J93: 17 | K93: 19 | L93: 9 | M93: 14 | N93: 29 | O93: 29 | P93: 12 | Q93: 23 | R93: 27 | S93: 15 | T93: 38 | U93: 28 | V93: 17 | W93: 29 | X93: 37 | Y93: =IF(AND(ISNUMBER(C93),C93>0,ISNUMBER(X93)),X93/C93-1,"")
A94: 362 | C94: 46 | D94: 48 | E94: 19 | F94: 43 | G94: 29 | H94: 21 | I94: 36 | J94: 17 | K94: 25 | L94: 28 | M94: 48 | N94: 51 | O94: 38 | P94: 18 | Q94: 36 | R94: 29 | S94: 29 | T94: 37 | Y94: =IF(AND(ISNUMBER(C94),C94>0,ISNUMBER(X94)),X94/C94-1,"")
A95: 370 | B95: General | C95: 50 | D95: 72 | E95: 89 | F95: 86 | G95: 56 | H95: 84 | I95: 34 | J95: 56 | K95: 47 | L95: 31 | M95: 43 | N95: 46 | O95: 65 | P95: 53 | Q95: 49 | R95: 40 | S95: 27 | T95: 38 | U95: 49 | V95: 78 | W95: 81 | X95: 58 | Y95: =IF(AND(ISNUMBER(C95),C95>0,ISNUMBER(X95)),X95/C95-1,"")
A96: 380 | B96: Draw | C96: 674 | D96: 751 | E96: 811 | F96: 644 | G96: 614 | H96: 539 | I96: 465 | J96: 441 | K96: 391 | L96: 322 | M96: 310 | N96: 422 | O96: 445 | P96: 402 | Q96: 431 | R96: 352 | S96: 402 | T96: 383 | U96: 325 | V96: 337 | W96: 371 | X96: 357 | Y96: =IF(AND(ISNUMBER(C96),C96>0,ISNUMBER(X96)),X96/C96-1,"")
A97: 388 | B97: General | E97: 306 | F97: 256 | G97: 291 | H97: 157 | I97: 98 | J97: 95 | K97: 121 | L97: 106 | M97: 93 | N97: 80 | O97: 112 | P97: 113 | Q97: 109 | R97: 96 | S97: 113 | T97: 79 | U97: 97 | V97: 117 | W97: 161 | X97: 88 | Y97: =IF(AND(ISNUMBER(C97),C97>0,ISNUMBER(X97)),X97/C97-1,"")
A98: 390 | B98: General | C98: 74 | D98: 91 | E98: 111 | F98: 97 | G98: 115 | H98: 100 | I98: 53 | J98: 79 | K98: 72 | L98: 62 | M98: 85 | N98: 92 | O98: 96 | P98: 125 | Q98: 158 | R98: 150 | S98: 160 | T98: 150 | U98: 150 | V98: 150 | W98: 147 | X98: 162 | Y98: =IF(AND(ISNUMBER(C98),C98>0,ISNUMBER(X98)),X98/C98-1,"")
A99: 391 | B99: General | C99: 231 | D99: 282 | E99: 352 | F99: 274 | G99: 321 | H99: 239 | I99: 233 | J99: 223 | K99: 192 | L99: 223 | M99: 149 | N99: 215 | O99: 392 | P99: 363 | Q99: 401 | R99: 362 | S99: 515 | T99: 399 | U99: 365 | V99: 384 | W99: 432 | X99: 447 | Y99: =IF(AND(ISNUMBER(C99),C99>0,ISNUMBER(X99)),X99/C99-1,"")
A100: 392 | B100: Draw | C100: 396 | D100: 371 | E100: 492 | F100: 417 | G100: 430 | H100: 305 | I100: 263 | J100: 291 | K100: 233 | L100: 254 | M100: 264 | N100: 333 | O100: 249 | P100: 195 | Q100: 216 | R100: 199 | S100: 196 | T100: 207 | U100: 235 | V100: 233 | W100: 211 | X100: 327 | Y100: =IF(AND(ISNUMBER(C100),C100>0,ISNUMBER(X100)),X100/C100-1,"")
A101: 393 | B101: General | C101: 551 | D101: 546 | E101: 609 | F101: 438 | G101: 381 | H101: 340 | I101: 286 | J101: 288 | K101: 243 | L101: 257 | M101: 230 | N101: 194 | O101: 330 | P101: 295 | Q101: 282 | R101: 262 | S101: 354 | T101: 354 | U101: 332 | V101: 375 | W101: 345 | X101: 353 | Y101: =IF(AND(ISNUMBER(C101),C101>0,ISNUMBER(X101)),X101/C101-1,"")
...

Sheet Regulations
A1: 2026 hunting opportunities by district
A2: Read automatically from FWP's Deer, Elk & Antelope regulations booklet. Always check the official booklet before you hunt.
A4: District | B4: Species | C4: License | D4: How you get it | E4: Legal animal | F4: Archery | G4: General (rifle) | H4: Muzzleloader | I4: Late | J4: Apply by | K4: Quota | L4: Details
A5: 215 | B5: antelope | C5: Antelope License: 215-20 | D5: Drawing | E5: Either-sex Antelope | F5: Sept. 05-Oct. 09 | G5: Oct. 10-Nov. 08 | J5: June 1 | K5: 5
A6: 215 | B6: antelope | C6: Antelope B License: 215-30 | D6: Drawing | E6: Doe/Fawn Antelope | F6: Sept. 05-Oct. 09 | G6: Oct. 10-Nov. 08 | J6: June 1 | K6: 1
A7: 291 | B7: antelope | C7: Antelope License: 291-20 | D7: Drawing | E7: Either-sex Antelope | F7: Sept. 05-Oct. 09 | G7: Oct. 10-Nov. 08 | J7: June 1 | K7: 1
A8: 291 | B8: antelope | C8: Antelope B License: 291-30 | D8: Drawing | E8: Doe/Fawn Antelope | F8: Sept. 05-Oct. 09 | G8: Oct. 10-Nov. 08 | J8: June 1 | K8: 1 | L8: Region
A9: 300 | B9: antelope | C9: Antelope License: 300-20 | D9: Drawing | E9: Either-sex Antelope | F9: Sept. 05-Oct. 09 | G9: Oct. 10-Nov. 08 | J9: June 1 | K9: 125
A10: 300 | B10: antelope | C10: Antelope B License: 300-30 | D10: Drawing | E10: Doe/Fawn Antelope | F10: Sept. 05-Oct. 09 | G10: Oct. 10-Nov. 08 | J10: June 1 | K10: 10
A11: 300 | B11: antelope | C11: Antelope License: 399-20 | D11: Drawing | E11: Either-sex Antelope | G11: Aug. 15-Nov. 08 | J11: June 1 | K11: 500 | L11: First and only choice. ArchEquip only.
A12: 301 | B12: antelope | C12: Antelope License: 301-20 | D12: Drawing | E12: Either-sex Antelope | F12: Sept. 05-Oct. 09 | G12: Oct. 10-Nov. 08 | J12: June 1 | K12: 20
A13: 301 | B13: antelope | C13: Antelope License: 399-20 | D13: Drawing | E13: Either-sex Antelope | G13: Aug. 15-Nov. 08 | J13: June 1 | K13: 500 | L13: First and only choice. ArchEquip only.
A14: 310 | B14: antelope | C14: Antelope License: 310-20 | D14: Drawing | E14: Either-sex Antelope | F14: Sept. 05-Oct. 09 | G14: Oct. 10-Nov. 08 | J14: June 1 | K14: 75
A15: 310 | B15: antelope | C15: Antelope B License: 310-30 | D15: Drawing | E15: Doe/Fawn Antelope | F15: Sept. 05-Oct. 09 | G15: Oct. 10-Nov. 08 | J15: June 1 | K15: 50
A16: 310 | B16: antelope | C16: Antelope License: 399-20 | D16: Drawing | E16: Either-sex Antelope | G16: Aug. 15-Nov. 08 | J16: June 1 | K16: 500 | L16: First and only choice. ArchEquip only.
A17: 311 | B17: antelope | C17: Antelope License: 311-20 | D17: Drawing | E17: Either-sex Antelope | F17: Sept. 05-Oct. 09 | G17: Oct. 10-Nov. 08 | J17: June 1 | K17: 75
A18: 311 | B18: antelope | C18: Antelope License: 399-20 | D18: Drawing | E18: Either-sex Antelope | G18: Aug. 15-Nov. 08 | J18: June 1 | K18: 500 | L18: First and only choice. ArchEquip only.
A19: 313 | B19: antelope | C19: Antelope License: 313-20 | D19: Drawing | E19: Either-sex Antelope | F19: Sept. 05-Oct. 09 | G19: Oct. 10-Nov. 08 | J19: June 1 | K19: 10
A20: 317 | B20: antelope | C20: Antelope License: 317-20 | D20: Drawing | E20: Either-sex Antelope | F20: Sept. 05-Oct. 09 | G20: Oct. 10-Nov. 08 | J20: June 1 | K20: 50
A21: 317 | B21: antelope | C21: Antelope License: 399-20 | D21: Drawing | E21: Either-sex Antelope | G21: Aug. 15-Nov. 08 | J21: June 1 | K21: 500 | L21: First and only choice. ArchEquip only.
A22: 318 | B22: antelope | C22: Antelope License: 318-20 | D22: Drawing | E22: Either-sex Antelope | F22: Sept. 05-Oct. 09 | G22: Oct. 10-Nov. 08 | J22: June 1 | K22: 50
A23: 318 | B23: antelope | C23: Antelope B License: 318-30 | D23: Drawing | E23: Doe/Fawn Antelope | F23: Sept. 05-Oct. 09 | G23: Oct. 10-Nov. 08 | J23: June 1 | K23: 50
A24: 318 | B24: antelope | C24: Antelope License: 399-20 | D24: Drawing | E24: Either-sex Antelope | G24: Aug. 15-Nov. 08 | J24: June 1 | K24: 500 | L24: First and only choice. ArchEquip only.
A25: 319 | B25: antelope | C25: Antelope License: 319-20 | D25: Drawing | E25: Either-sex Antelope | F25: Sept. 05-Oct. 09 | G25: Oct. 10-Nov. 08 | J25: June 1 | K25: 50
A26: 319 | B26: antelope | C26: Antelope B License: 319-30 | D26: Drawing | E26: Doe/Fawn Antelope | F26: Sept. 05-Oct. 09 | G26: Oct. 10-Nov. 08 | J26: June 1 | K26: 50
A27: 319 | B27: antelope | C27: Antelope License: 399-20 | D27: Drawing | E27: Either-sex Antelope | G27: Aug. 15-Nov. 08 | J27: June 1 | K27: 500 | L27: First and only choice. ArchEquip only. 137 2026 Deer • Elk • Antelope Visit fwp.mt.gov
A28: 320 | B28: antelope | C28: Antelope License: 320-20 | D28: Drawing | E28: Either-sex Antelope | F28: Sept. 05-Oct. 09 | G28: Oct. 10-Nov. 08 | J28: June 1 | K28: 25
A29: 320 | B29: antelope | C29: Antelope B License: 320-30 | D29: Drawing | E29: Doe/Fawn Antelope | F29: Sept. 05-Oct. 09 | G29: Oct. 10-Nov. 08 | J29: June 1 | K29: 50
A30: 320 | B30: antelope | C30: Antelope License: 399-20 | D30: Drawing | E30: Either-sex Antelope | G30: Aug. 15-Nov. 08 | J30: June 1 | K30: 500 | L30: First and only choice. ArchEquip only.
A31: 322 | B31: antelope | C31: Antelope License: 322-20 | D31: Drawing | E31: Either-sex Antelope | F31: Sept. 05-Oct. 09 | G31: Oct. 10-Nov. 08 | J31: June 1 | K31: 300
A32: 322 | B32: antelope | C32: Antelope B License: 322-30 | D32: Drawing | E32: Doe/Fawn Antelope | F32: Sept. 05-Oct. 09 | G32: Oct. 10-Nov. 08 | J32: June 1 | K32: 300
A33: 322 | B33: antelope | C33: Antelope License: 399-20 | D33: Drawing | E33: Either-sex Antelope | G33: Aug. 15-Nov. 08 | J33: June 1 | K33: 500 | L33: First and only choice. ArchEquip only.
A34: 329 | B34: antelope | C34: Antelope License: 329-20 | D34: Drawing | E34: Either-sex Antelope | F34: Sept. 05-Oct. 09 | G34: Oct. 10-Nov. 08 | J34: June 1 | K34: 100
A35: 329 | B35: antelope | C35: Antelope License: 399-20 | D35: Drawing | E35: Either-sex Antelope | G35: Aug. 15-Nov. 08 | J35: June 1 | K35: 500 | L35: First and only choice. ArchEquip only.
A36: 338 | B36: antelope | C36: Antelope License: 338-20 | D36: Drawing | E36: Either-sex Antelope | F36: Sept. 05-Oct. 09 | G36: Oct. 10-Nov. 08 | J36: June 1 | K36: 100
A37: 338 | B37: antelope | C37: Antelope License: 399-20 | D37: Drawing | E37: Either-sex Antelope | G37: Aug. 15-Nov. 08 | J37: June 1 | K37: 500 | L37: First and only choice. ArchEquip only.
A38: 339 | B38: antelope | C38: Antelope License: 339-20 | D38: Drawing | E38: Either-sex Antelope | F38: Sept. 05-Oct. 09 | G38: Oct. 10-Nov. 08 | J38: June 1 | K38: 75
A39: 339 | B39: antelope | C39: Antelope License: 399-20 | D39: Drawing | E39: Either-sex Antelope | G39: Aug. 15-Nov. 08 | J39: June 1 | K39: 500 | L39: First and only choice. ArchEquip only.
A40: 340 | B40: antelope | C40: Antelope License: 340-20 | D40: Drawing | E40: Either-sex Antelope | F40: Sept. 05-Oct. 09 | G40: Oct. 10-Nov. 08 | J40: June 1 | K40: 350 | L40: Successful antelope either- sex 340-20 applicants may be ofered the opportunity to purchase one or more doe/fawn 340-30 (Quota: 300, Range 50-500) licenses valid in HD 340 during the same time periods and with the same restrictions.
A41: 340 | B41: antelope | C41: Antelope License: 399-20 | D41: Drawing | E41: Either-sex Antelope | G41: Aug. 15-Nov. 08 | J41: June 1 | K41: 500 | L41: First and only choice. ArchEquip only.
A42: 350 | B42: antelope | C42: Antelope License: 350-20 | D42: Drawing | E42: Either-sex Antelope | F42: Sept. 05-Oct. 09 | G42: Oct. 10-Nov. 08 | J42: June 1 | K42: 55 | L42: Successful antelope Either- sex 350-20 applicants may be ofered the opportunity to purchase one or more doe/fawn 350-30 (Quota: 100, Range 25-200) licenses valid in HD 350 during the same time periods and with the same restrictions.
A43: 350 | B43: antelope | C43: Antelope License: 399-20 | D43: Drawing | E43: Either-sex Antelope | G43: Aug. 15-Nov. 08 | J43: June 1 | K43: 500 | L43: First and only choice. ArchEquip only.
A44: 360 | B44: antelope | C44: Antelope License: 360-20 | D44: Drawing | E44: Either-sex Antelope | F44: Sept. 05-Oct. 09 | G44: Oct. 10-Nov. 08 | J44: June 1 | K44: 350
A45: 360 | B45: antelope | C45: Antelope License: 399-20 | D45: Drawing | E45: Either-sex Antelope | G45: Aug. 15-Nov. 08 | J45: June 1 | K45: 500 | L45: First and only choice. ArchEquip only.
A46: 370 | B46: antelope | C46: Antelope License: 370-20 | D46: Drawing | E46: Either-sex Antelope | F46: Sept. 05-Oct. 09 | G46: Oct. 10-Nov. 08 | J46: June 1 | K46: 75 | L46: Successful antelope Either- sex 370-20 applicants may be ofered the opportunity to purchase one or more doe/fawn 370-30 (Quota: 100, Range 25-250) licenses valid in HD 370 during the same time periods and with the same restrictions.
A47: 370 | B47: antelope | C47: Antelope License: 399-20 | D47: Drawing | E47: Either-sex Antelope | G47: Aug. 15-Nov. 08 | J47: June 1 | K47: 500 | L47: First and only choice. ArchEquip only.
A48: 371 | B48: antelope | C48: Antelope License: 371-20 | D48: Drawing | E48: Either-sex Antelope | F48: Sept. 05-Oct. 09 | G48: Oct. 10-Nov. 08 | J48: June 1 | K48: 50
A49: 371 | B49: antelope | C49: Antelope B License: 371-30 | D49: Drawing | E49: Doe/Fawn Antelope | F49: Sept. 05-Oct. 09 | G49: Oct. 10-Nov. 08 | J49: June 1 | K49: 25
A50: 371 | B50: antelope | C50: Antelope License: 399-20 | D50: Drawing | E50: Either-sex Antelope | G50: Aug. 15-Nov. 08 | J50: June 1 | K50: 500 | L50: First and only choice. ArchEquip only.
A51: 380 | B51: antelope | C51: Antelope License: 380-20 | D51: Drawing | E51: Either-sex Antelope | F51: Sept. 05-Oct. 09 | G51: Oct. 10-Nov. 08 | J51: June 1 | K51: 10 | L51: Not valid in HD 380 portion of the Townsend WRA, except with the use of ArchEquip.
A52: 380 | B52: antelope | C52: Antelope License: 399-20 | D52: Drawing | E52: Either-sex Antelope | G52: Aug. 15-Nov. 08 | J52: June 1 | K52: 500 | L52: First and only choice. ArchEquip only.
A53: 381 | B53: antelope | C53: Antelope License: 381-20 | D53: Drawing | E53: Either-sex Antelope | F53: Sept. 05-Oct. 09 | G53: Oct. 10-Nov. 08 | J53: June 1 | K53: 15
A54: 381 | B54: antelope | C54: Antelope License: 399-20 | D54: Drawing | E54: Either-sex Antelope | G54: Aug. 15-Nov. 08 | J54: June 1 | K54: 500 | L54: First and only choice. ArchEquip only.
A55: 388 | B55: antelope | C55: Antelope License: 388-20 | D55: Drawing | E55: Either-sex Antelope | F55: Sept. 05-Oct. 09 | G55: Oct. 10-Nov. 08 | J55: June 1 | K55: 15 | L55: Successful antelope Either- sex 388-20 applicants may be ofered the opportunity to purchase one or more doe/fawn 388-31 (Quota: 30, Range 15-100) licenses valid in HD 388 during the same time periods and with the same restrictions. Valid both inside and outside Weapons Restriction Area.
A56: 388 | B56: antelope | C56: Antelope License: 399-20 | D56: Drawing | E56: Either-sex Antelope | G56: Aug. 15-Nov. 08 | J56: June 1 | K56: 500 | L56: First and only choice. ArchEquip only.
A57: 390 | B57: antelope | C57: Antelope License: 390-20 | D57: Drawing | E57: Either-sex Antelope | F57: Sept. 05-Oct. 09 | G57: Oct. 10-Nov. 08 | J57: June 1 | K57: 25
A58: 390 | B58: antelope | C58: Antelope B License: 390-30 | D58: Drawing | E58: Doe/Fawn Antelope | F58: Sept. 05-Oct. 09 | G58: Oct. 10-Nov. 08 | J58: June 1 | K58: 50
A59: 390 | B59: antelope | C59: Antelope License: 399-20 | D59: Drawing | E59: Either-sex Antelope | G59: Aug. 15-Nov. 08 | J59: June 1 | K59: 500 | L59: First and only choice. ArchEquip only. 139 2026 Deer • Elk • Antelope Visit fwp.mt.gov Region
A60: 401 | B60: antelope | C60: Antelope License: 401-20 | D60: Drawing | E60: Either-sex Antelope | F60: Sept. 05-Oct. 09 | G60: Oct. 10-Nov. 08 | J60: June 1 | K60: 200
A61: 401 | B61: antelope | C61: Antelope B License: 401-30 | D61: Drawing | E61: Doe/Fawn Antelope | F61: Sept. 05-Oct. 09 | G61: Oct. 10-Nov. 08 | J61: June 1 | K61: 50
A62: 401 | B62: antelope | C62: Antelope License: 900-20 | D62: Drawing | E62: Either-sex Antelope | G62: Aug. 15-Nov. 08 | J62: June 1 | K62: 5,600 | L62: First and only choice. ArchEquip only.
A63: 404 | B63: antelope | C63: Antelope License: 404-20 | D63: Drawing | E63: Either-sex Antelope | F63: Sept. 05-Oct. 09 | G63: Oct. 10-Nov. 08 | J63: June 1 | K63: 200
A64: 404 | B64: antelope | C64: Antelope B License: 404-30 | D64: Drawing | E64: Doe/Fawn Antelope | F64: Sept. 05-Oct. 09 | G64: Oct. 10-Nov. 08 | J64: June 1 | K64: 100
A65: 404 | B65: antelope | C65: Antelope License: 900-20 | D65: Drawing | E65: Either-sex Antelope | G65: Aug. 15-Nov. 08 | J65: June 1 | K65: 5,600 | L65: First and only choice. ArchEquip only.
A66: 413 | B66: antelope | C66: Antelope License: 413-20 | D66: Drawing | E66: Either-sex Antelope | F66: Sept. 05-Oct. 09 | G66: Oct. 10-Nov. 08 | J66: June 1 | K66: 50
A67: 413 | B67: antelope | C67: Antelope B License: 413-30 | D67: Drawing | E67: Doe/Fawn Antelope | F67: Sept. 05-Oct. 09 | G67: Oct. 10-Nov. 08 | J67: June 1 | K67: 50
A68: 413 | B68: antelope | C68: Antelope License: 900-20 | D68: Drawing | E68: Either-sex Antelope | G68: Aug. 15-Nov. 08 | J68: June 1 | K68: 5,600 | L68: First and only choice. ArchEquip only.
A69: 420 | B69: antelope | C69: Antelope License: 420-20 | D69: Drawing | E69: Either-sex Antelope | F69: Sept. 05-Oct. 09 | G69: Oct. 10-Nov. 08 | J69: June 1 | K69: 75
A70: 420 | B70: antelope | C70: Antelope B License: 420-30 | D70: Drawing | E70: Doe/Fawn Antelope | F70: Sept. 05-Oct. 09 | G70: Oct. 10-Nov. 08 | J70: June 1 | K70: 25
A71: 420 | B71: antelope | C71: Antelope License: 900-20 | D71: Drawing | E71: Either-sex Antelope | G71: Aug. 15-Nov. 08 | J71: June 1 | K71: 5,600 | L71: First and only choice. ArchEquip only.
A72: 430 | B72: antelope | C72: Antelope License: 430-20 | D72: Drawing | E72: Either-sex Antelope | F72: Sept. 05-Oct. 09 | G72: Oct. 10-Nov. 08 | J72: June 1 | K72: 150
A73: 430 | B73: antelope | C73: Antelope B License: 430-30 | D73: Drawing | E73: Doe/Fawn Antelope | F73: Sept. 05-Oct. 09 | G73: Oct. 10-Nov. 08 | J73: June 1 | K73: 100
A74: 430 | B74: antelope | C74: Antelope License: 900-20 | D74: Drawing | E74: Either-sex Antelope | G74: Aug. 15-Nov. 08 | J74: June 1 | K74: 5,600 | L74: First and only choice. ArchEquip only.
A75: 440 | B75: antelope | C75: Antelope License: 440-20 | D75: Drawing | E75: Either-sex Antelope | F75: Sept. 05-Oct. 09 | G75: Oct. 10-Nov. 08 | J75: June 1 | K75: 125
A76: 440 | B76: antelope | C76: Antelope B License: 440-30 | D76: Drawing | E76: Doe/Fawn Antelope | F76: Sept. 05-Oct. 09 | G76: Oct. 10-Nov. 08 | J76: June 1 | K76: 100
A77: 440 | B77: antelope | C77: Antelope License: 900-20 | D77: Drawing | E77: Either-sex Antelope | G77: Aug. 15-Nov. 08 | J77: June 1 | K77: 5,600 | L77: First and only choice. ArchEquip only.
A78: 441 | B78: antelope | C78: Antelope License: 441-20 | D78: Drawing | E78: Either-sex Antelope | F78: Sept. 05-Oct. 09 | G78: Oct. 10-Nov. 08 | J78: June 1 | K78: 20
A79: 441 | B79: antelope | C79: Antelope License: 900-20 | D79: Drawing | E79: Either-sex Antelope | G79: Aug. 15-Nov. 08 | J79: June 1 | K79: 5,600 | L79: First and only choice. ArchEquip only.
A80: 444 | B80: antelope | C80: Antelope License: 444-20 | D80: Drawing | E80: Either-sex Antelope | F80: Sept. 05-Oct. 09 | G80: Oct. 10-Nov. 08 | J80: June 1 | K80: 100
A81: 444 | B81: antelope | C81: Antelope B License: 444-30 | D81: Drawing | E81: Doe/Fawn Antelope | F81: Sept. 05-Oct. 09 | G81: Oct. 10-Nov. 08 | J81: June 1 | K81: 50
A82: 444 | B82: antelope | C82: Antelope License: 900-20 | D82: Drawing | E82: Either-sex Antelope | G82: Aug. 15-Nov. 08 | J82: June 1 | K82: 5,600 | L82: First and only choice. ArchEquip only.
A83: 450 | B83: antelope | C83: Antelope License: 450-20 | D83: Drawing | E83: Either-sex Antelope | F83: Sept. 05-Oct. 09 | G83: Oct. 10-Nov. 08 | J83: June 1 | K83: 75
A84: 450 | B84: antelope | C84: Antelope B License: 450-30 | D84: Drawing | E84: Doe/Fawn Antelope | F84: Sept. 05-Oct. 09 | G84: Oct. 10-Nov. 08 | J84: June 1 | K84: 75
A85: 450 | B85: antelope | C85: Antelope License: 900-20 | D85: Drawing | E85: Either-sex Antelope | G85: Aug. 15-Nov. 08 | J85: June 1 | K85: 5,600 | L85: First and only choice. ArchEquip only. 140 License Opportunity Apply by Date Quota Quota Range Archery Season Dates Season Dates Opportunity Specifc Information/Restrictions
A86: 455 | B86: antelope | C86: Antelope License: 455-20 | D86: Drawing | E86: Either-sex Antelope | F86: Sept. 05-Oct. 09 | G86: Oct. 10-Nov. 08 | J86: June 1 | K86: 2
A87: 455 | B87: antelope | C87: Antelope License: 900-20 | D87: Drawing | E87: Either-sex Antelope | G87: Aug. 15-Nov. 08 | J87: June 1 | K87: 5,600 | L87: First and only choice. ArchEquip only.
A88: 471 | B88: antelope | C88: Antelope License: 471-20 | D88: Drawing | E88: Either-sex Antelope | F88: Sept. 05-Oct. 09 | G88: Oct. 10-Nov. 08 | J88: June 1 | K88: 350
A89: 471 | B89: antelope | C89: Antelope B License: 471-30 | D89: Drawing | E89: Doe/Fawn Antelope | F89: Sept. 05-Oct. 09 | G89: Oct. 10-Nov. 08 | J89: June 1 | K89: 450
A90: 471 | B90: antelope | C90: Antelope License: 900-20 | D90: Drawing | E90: Either-sex Antelope | G90: Aug. 15-Nov. 08 | J90: June 1 | K90: 5,600 | L90: First and only choice. ArchEquip only.
A91: 480 | B91: antelope | C91: Antelope License: 480-20 | D91: Drawing | E91: Either-sex Antelope | F91: Sept. 05-Oct. 09 | G91: Oct. 10-Nov. 08 | J91: June 1 | K91: 100
A92: 480 | B92: antelope | C92: Antelope B License: 480-30 | D92: Drawing | E92: Doe/Fawn Antelope | F92: Sept. 05-Oct. 09 | G92: Oct. 10-Nov. 08 | J92: June 1 | K92: 100
A93: 480 | B93: antelope | C93: Antelope License: 900-20 | D93: Drawing | E93: Either-sex Antelope | G93: Aug. 15-Nov. 08 | J93: June 1 | K93: 5,600 | L93: First and only choice. ArchEquip only.
A94: 481 | B94: antelope | C94: Antelope License: 481-20 | D94: Drawing | E94: Either-sex Antelope | F94: Sept. 05-Oct. 09 | G94: Oct. 10-Nov. 08 | J94: June 1 | K94: 150
A95: 481 | B95: antelope | C95: Antelope B License: 481-30 | D95: Drawing | E95: Doe/Fawn Antelope | F95: Sept. 05-Oct. 09 | G95: Oct. 10-Nov. 08 | J95: June 1 | K95: 100
A96: 481 | B96: antelope | C96: Antelope License: 900-20 | D96: Drawing | E96: Either-sex Antelope | G96: Aug. 15-Nov. 08 | J96: June 1 | K96: 5,600 | L96: First and only choice. ArchEquip only.
A97: 485 | B97: antelope | C97: Antelope License: 485-20 | D97: Drawing | E97: Either-sex Antelope | F97: Sept. 05-Oct. 09 | G97: Oct. 10-Nov. 08 | J97: June 1 | K97: 50
A98: 485 | B98: antelope | C98: Antelope B License: 485-30 | D98: Drawing | E98: Doe/Fawn Antelope | F98: Sept. 05-Oct. 09 | G98: Oct. 10-Nov. 08 | J98: June 1 | K98: 50
A99: 485 | B99: antelope | C99: Antelope License: 900-20 | D99: Drawing | E99: Either-sex Antelope | G99: Aug. 15-Nov. 08 | J99: June 1 | K99: 5,600 | L99: First and only choice. ArchEquip only.
A100: 490 | B100: antelope | C100: Antelope License: 490-20 | D100: Drawing | E100: Either-sex Antelope | F100: Sept. 05-Oct. 09 | G100: Oct. 10-Nov. 08 | J100: June 1 | K100: 150
A101: 490 | B101: antelope | C101: Antelope B License: 490-30 | D101: Drawing | E101: Doe/Fawn Antelope | F101: Sept. 05-Oct. 09 | G101: Oct. 10-Nov. 08 | J101: June 1 | K101: 125
...

Sheet Black Bear
A1: Black bear harvest 2026, season so far
A2: From FWP's quota status page, updated Oct 22, 2026 11:14 AM. FWP doesn't publish multi-year bear harvest by district.
A4: BMU | B4: Status | C4: Closed on | D4: Bears reported | E4: Female harvest | F4: Female quota | G4: Total quota
A5: 100 | B5: OPEN | D5: 17
A6: 101 | B6: OPEN | D6: 9
A7: 103 | B7: OPEN | D7: 22
A8: 104 | B8: OPEN | D8: 15
A9: 110 | B9: OPEN | D9: 4
A10: 120 | B10: OPEN | D10: 17
A11: 121 | B11: OPEN | D11: 25
A12: 122 | B12: OPEN | D12: 27
A13: 123 | B13: OPEN | D13: 12
A14: 130 | B14: OPEN | D14: 12
A15: 140 | B15: OPEN | D15: 6
A16: 141 | B16: OPEN | D16: 4
... A30: 341 | B30: OPEN | D30: 30
A31: 411 | B31: CLOSED | D31: 11 | E31: 5 | F31: 4
A32: 420 | B32: OPEN | D32: 38 | E32: 9 | F32: 10
A33: 440 | B33: OPEN | D33: 16 | E33: 5 | F33: 6
A34: 450 | B34: OPEN | D34: 21 | E34: 7 | F34: 14
A35: 510 | B35: CLOSED | D35: 7 | E35: 2 | F35: 2
A36: 520 | B36: CLOSED | D36: 30 | E36: 15 | F36: 10
A37: 580 | B37: OPEN | D37: 37
A38: 600 | B38: OPEN | D38: 0 | G38: 4
A39: 700 (no hounds) | B39: CLOSED | D39: 19 | G39: 18

Sheet Data
A1: District | B1: Region | C1: Species | D1: Year | E1: License | F1: Hunters | G1: Hunter days | H1: Harvest | I1: Bucks/Bulls | J1: Does/Cows | K1: Per hunter | L1: Days per animal
A2: 215 | B2: 2 | C2: antelope | D2: 2004 | E2: Draw | F2: 37 | G2: 143 | H2: 19 | I2: 6 | J2: 14 | K2: =IF(F2>0,H2/F2,"") | L2: =IF(AND(G2>0,H2>0),G2/H2,"")
A3: 215 | B3: 2 | C3: antelope | D3: 2005 | E3: Draw | F3: 26 | G3: 113 | H3: 17 | I3: 10 | J3: 5 | K3: =IF(F3>0,H3/F3,"") | L3: =IF(AND(G3>0,H3>0),G3/H3,"")
A4: 215 | B4: 2 | C4: antelope | D4: 2006 | E4: Draw | F4: 26 | G4: 57 | H4: 17 | I4: 8 | J4: 9 | K4: =IF(F4>0,H4/F4,"") | L4: =IF(AND(G4>0,H4>0),G4/H4,"")
A5: 215 | B5: 2 | C5: antelope | D5: 2007 | E5: Draw | F5: 29 | G5: 50 | H5: 19 | I5: 6 | J5: 11 | K5: =IF(F5>0,H5/F5,"") | L5: =IF(AND(G5>0,H5>0),G5/H5,"")
A6: 215 | B6: 2 | C6: antelope | D6: 2008 | E6: Draw | F6: 25 | G6: 77 | H6: 23 | I6: 6 | J6: 14 | K6: =IF(F6>0,H6/F6,"") | L6: =IF(AND(G6>0,H6>0),G6/H6,"")
A7: 215 | B7: 2 | C7: antelope | D7: 2009 | E7: Draw | F7: 26 | G7: 124 | H7: 14 | I7: 4 | J7: 9 | K7: =IF(F7>0,H7/F7,"") | L7: =IF(AND(G7>0,H7>0),G7/H7,"")
A8: 215 | B8: 2 | C8: antelope | D8: 2010 | E8: Draw | F8: 51 | G8: 138 | H8: 38 | I8: 19 | J8: 19 | K8: =IF(F8>0,H8/F8,"") | L8: =IF(AND(G8>0,H8>0),G8/H8,"")
A9: 215 | B9: 2 | C9: antelope | D9: 2011 | E9: Draw | F9: 48 | G9: 167 | H9: 34 | I9: 20 | J9: 14 | K9: =IF(F9>0,H9/F9,"") | L9: =IF(AND(G9>0,H9>0),G9/H9,"")
A10: 215 | B10: 2 | C10: antelope | D10: 2012 | E10: Draw | F10: 29 | G10: 121 | H10: 23 | I10: 19 | J10: 4 | K10: =IF(F10>0,H10/F10,"") | L10: =IF(AND(G10>0,H10>0),G10/H10,"")
A11: 215 | B11: 2 | C11: antelope | D11: 2013 | E11: Draw | H11: 18 | I11: 15 | J11: 3 | K11: =IF(F11>0,H11/F11,"") | L11: =IF(AND(G11>0,H11>0),G11/H11,"")
A12: 215 | B12: 2 | C12: antelope | D12: 2014 | E12: Draw | F12: 42 | G12: 112 | H12: 21 | I12: 17 | J12: 4 | K12: =IF(F12>0,H12/F12,"") | L12: =IF(AND(G12>0,H12>0),G12/H12,"")
A13: 215 | B13: 2 | C13: antelope | D13: 2015 | E13: Draw | F13: 34 | G13: 193 | H13: 31 | I13: 26 | J13: 5 | K13: =IF(F13>0,H13/F13,"") | L13: =IF(AND(G13>0,H13>0),G13/H13,"")
A14: 215 | B14: 2 | C14: antelope | D14: 2016 | E14: Draw | H14: 17 | I14: 14 | J14: 3 | K14: =IF(F14>0,H14/F14,"") | L14: =IF(AND(G14>0,H14>0),G14/H14,"")
A15: 215 | B15: 2 | C15: antelope | D15: 2017 | E15: Draw | H15: 42 | I15: 24 | J15: 17 | K15: =IF(F15>0,H15/F15,"") | L15: =IF(AND(G15>0,H15>0),G15/H15,"")
A16: 215 | B16: 2 | C16: antelope | D16: 2018 | E16: Draw | F16: 40 | G16: 40 | H16: 35 | I16: 19 | J16: 16 | K16: =IF(F16>0,H16/F16,"") | L16: =IF(AND(G16>0,H16>0),G16/H16,"")
A17: 215 | B17: 2 | C17: antelope | D17: 2019 | E17: Draw | H17: 27 | I17: 15 | J17: 10 | K17: =IF(F17>0,H17/F17,"") | L17: =IF(AND(G17>0,H17>0),G17/H17,"")
A18: 215 | B18: 2 | C18: antelope | D18: 2020 | E18: Draw | F18: 23 | G18: 78 | H18: 12 | I18: 5 | J18: 7 | K18: =IF(F18>0,H18/F18,"") | L18: =IF(AND(G18>0,H18>0),G18/H18,"")
A19: 215 | B19: 2 | C19: antelope | D19: 2021 | E19: Draw | H19: 5 | I19: 2 | J19: 3 | K19: =IF(F19>0,H19/F19,"") | L19: =IF(AND(G19>0,H19>0),G19/H19,"")
A20: 215 | B20: 2 | C20: antelope | D20: 2022 | E20: Draw | F20: 10 | G20: 100 | H20: 6 | I20: 3 | J20: 4 | K20: =IF(F20>0,H20/F20,"") | L20: =IF(AND(G20>0,H20>0),G20/H20,"")
A21: 215 | B21: 2 | C21: antelope | D21: 2023 | E21: Draw | H21: 2 | I21: 2 | J21: 0 | K21: =IF(F21>0,H21/F21,"") | L21: =IF(AND(G21>0,H21>0),G21/H21,"")
A22: 215 | B22: 2 | C22: antelope | D22: 2024 | E22: Draw | F22: 10 | G22: 28 | H22: 5 | I22: 5 | J22: 0 | K22: =IF(F22>0,H22/F22,"") | L22: =IF(AND(G22>0,H22>0),G22/H22,"")
A23: 215 | B23: 2 | C23: antelope | D23: 2025 | E23: Draw | H23: 3 | I23: 3 | J23: 0 | K23: =IF(F23>0,H23/F23,"") | L23: =IF(AND(G23>0,H23>0),G23/H23,"")
A24: 291 | B24: 2 | C24: antelope | D24: 2008 | E24: Draw | F24: 5 | G24: 5 | H24: 4 | I24: 0 | J24: 4 | K24: =IF(F24>0,H24/F24,"") | L24: =IF(AND(G24>0,H24>0),G24/H24,"")
A25: 291 | B25: 2 | C25: antelope | D25: 2009 | E25: Draw | F25: 10 | G25: 63 | H25: 4 | I25: 4 | J25: 0 | K25: =IF(F25>0,H25/F25,"") | L25: =IF(AND(G25>0,H25>0),G25/H25,"")
A26: 291 | B26: 2 | C26: antelope | D26: 2010 | E26: Draw | F26: 7 | G26: 20 | H26: 3 | I26: 2 | J26: 2 | K26: =IF(F26>0,H26/F26,"") | L26: =IF(AND(G26>0,H26>0),G26/H26,"")
A27: 291 | B27: 2 | C27: antelope | D27: 2011 | E27: Draw | F27: 6 | G27: 19 | H27: 5 | I27: 2 | J27: 3 | K27: =IF(F27>0,H27/F27,"") | L27: =IF(AND(G27>0,H27>0),G27/H27,"")
A28: 291 | B28: 2 | C28: antelope | D28: 2012 | E28: Draw | F28: 9 | G28: 38 | H28: 2 | I28: 1 | J28: 1 | K28: =IF(F28>0,H28/F28,"") | L28: =IF(AND(G28>0,H28>0),G28/H28,"")
A29: 291 | B29: 2 | C29: antelope | D29: 2013 | E29: Draw | H29: 6 | I29: 3 | J29: 3 | K29: =IF(F29>0,H29/F29,"") | L29: =IF(AND(G29>0,H29>0),G29/H29,"")
A30: 291 | B30: 2 | C30: antelope | D30: 2014 | E30: Draw | F30: 13 | G30: 50 | H30: 9 | I30: 4 | J30: 5 | K30: =IF(F30>0,H30/F30,"") | L30: =IF(AND(G30>0,H30>0),G30/H30,"")
A31: 291 | B31: 2 | C31: antelope | D31: 2015 | E31: Draw | F31: 10 | G31: 26 | H31: 9 | I31: 4 | J31: 5 | K31: =IF(F31>0,H31/F31,"") | L31: =IF(AND(G31>0,H31>0),G31/H31,"")
A32: 291 | B32: 2 | C32: antelope | D32: 2016 | E32: Draw | H32: 5 | I32: 4 | J32: 1 | K32: =IF(F32>0,H32/F32,"") | L32: =IF(AND(G32>0,H32>0),G32/H32,"")
A33: 291 | B33: 2 | C33: antelope | D33: 2017 | E33: Draw | H33: 3 | I33: 1 | J33: 2 | K33: =IF(F33>0,H33/F33,"") | L33: =IF(AND(G33>0,H33>0),G33/H33,"")
A34: 291 | B34: 2 | C34: antelope | D34: 2018 | E34: Draw | F34: 23 | G34: 138 | H34: 5 | I34: 3 | J34: 3 | K34: =IF(F34>0,H34/F34,"") | L34: =IF(AND(G34>0,H34>0),G34/H34,"")
A35: 291 | B35: 2 | C35: antelope | D35: 2019 | E35: Draw | H35: 2 | I35: 0 | J35: 2 | K35: =IF(F35>0,H35/F35,"") | L35: =IF(AND(G35>0,H35>0),G35/H35,"")
A36: 291 | B36: 2 | C36: antelope | D36: 2020 | E36: Draw | F36: 19 | G36: 83 | H36: 3 | I36: 3 | J36: 0 | K36: =IF(F36>0,H36/F36,"") | L36: =IF(AND(G36>0,H36>0),G36/H36,"")
A37: 291 | B37: 2 | C37: antelope | D37: 2021 | E37: Draw | H37: 1 | I37: 1 | J37: 0 | K37: =IF(F37>0,H37/F37,"") | L37: =IF(AND(G37>0,H37>0),G37/H37,"")
A38: 291 | B38: 2 | C38: antelope | D38: 2022 | E38: Draw | F38: 16 | G38: 113 | H38: 9 | I38: 3 | J38: 6 | K38: =IF(F38>0,H38/F38,"") | L38: =IF(AND(G38>0,H38>0),G38/H38,"")
A39: 291 | B39: 2 | C39: antelope | D39: 2023 | E39: Draw | H39: 1 | I39: 1 | J39: 0 | K39: =IF(F39>0,H39/F39,"") | L39: =IF(AND(G39>0,H39>0),G39/H39,"")
A40: 291 | B40: 2 | C40: antelope | D40: 2024 | E40: Draw | F40: 2 | G40: 7 | H40: 1 | I40: 1 | J40: 0 | K40: =IF(F40>0,H40/F40,"") | L40: =IF(AND(G40>0,H40>0),G40/H40,"")
A41: 300 | B41: 3 | C41: antelope | D41: 2004 | E41: Draw | F41: 399 | G41: 1227 | H41: 180 | I41: 124 | J41: 53 | K41: =IF(F41>0,H41/F41,"") | L41: =IF(AND(G41>0,H41>0),G41/H41,"")
A42: 300 | B42: 3 | C42: antelope | D42: 2005 | E42: Draw | F42: 423 | G42: 1178 | H42: 175 | I42: 122 | J42: 47 | K42: =IF(F42>0,H42/F42,"") | L42: =IF(AND(G42>0,H42>0),G42/H42,"")
A43: 300 | B43: 3 | C43: antelope | D43: 2006 | E43: Draw | F43: 309 | G43: 926 | H43: 150 | I43: 88 | J43: 55 | K43: =IF(F43>0,H43/F43,"") | L43: =IF(AND(G43>0,H43>0),G43/H43,"")
A44: 300 | B44: 3 | C44: antelope | D44: 2007 | E44: Draw | F44: 283 | G44: 843 | H44: 137 | I44: 84 | J44: 53 | K44: =IF(F44>0,H44/F44,"") | L44: =IF(AND(G44>0,H44>0),G44/H44,"")
A45: 300 | B45: 3 | C45: antelope | D45: 2008 | E45: Draw | F45: 240 | G45: 683 | H45: 127 | I45: 90 | J45: 37 | K45: =IF(F45>0,H45/F45,"") | L45: =IF(AND(G45>0,H45>0),G45/H45,"")
A46: 300 | B46: 3 | C46: antelope | D46: 2009 | E46: Draw | F46: 254 | G46: 640 | H46: 131 | I46: 92 | J46: 39 | K46: =IF(F46>0,H46/F46,"") | L46: =IF(AND(G46>0,H46>0),G46/H46,"")
A47: 300 | B47: 3 | C47: antelope | D47: 2010 | E47: Draw | F47: 273 | G47: 904 | H47: 195 | I47: 133 | J47: 56 | K47: =IF(F47>0,H47/F47,"") | L47: =IF(AND(G47>0,H47>0),G47/H47,"")
A48: 300 | B48: 3 | C48: antelope | D48: 2011 | E48: Draw | F48: 291 | G48: 809 | H48: 140 | I48: 83 | J48: 57 | K48: =IF(F48>0,H48/F48,"") | L48: =IF(AND(G48>0,H48>0),G48/H48,"")
A49: 300 | B49: 3 | C49: antelope | D49: 2012 | E49: Draw | F49: 234 | G49: 614 | H49: 114 | I49: 66 | J49: 43 | K49: =IF(F49>0,H49/F49,"") | L49: =IF(AND(G49>0,H49>0),G49/H49,"")
A50: 300 | B50: 3 | C50: antelope | D50: 2013 | E50: Draw | H50: 130 | I50: 80 | J50: 46 | K50: =IF(F50>0,H50/F50,"") | L50: =IF(AND(G50>0,H50>0),G50/H50,"")
A51: 300 | B51: 3 | C51: antelope | D51: 2014 | E51: Draw | F51: 263 | G51: 795 | H51: 150 | I51: 98 | J51: 46 | K51: =IF(F51>0,H51/F51,"") | L51: =IF(AND(G51>0,H51>0),G51/H51,"")
A52: 300 | B52: 3 | C52: antelope | D52: 2015 | E52: Draw | F52: 253 | G52: 734 | H52: 150 | I52: 95 | J52: 51 | K52: =IF(F52>0,H52/F52,"") | L52: =IF(AND(G52>0,H52>0),G52/H52,"")
A53: 300 | B53: 3 | C53: antelope | D53: 2016 | E53: Draw | H53: 132 | I53: 95 | J53: 38 | K53: =IF(F53>0,H53/F53,"") | L53: =IF(AND(G53>0,H53>0),G53/H53,"")
A54: 300 | B54: 3 | C54: antelope | D54: 2017 | E54: Draw | H54: 141 | I54: 95 | J54: 46 | K54: =IF(F54>0,H54/F54,"") | L54: =IF(AND(G54>0,H54>0),G54/H54,"")
A55: 300 | B55: 3 | C55: antelope | D55: 2018 | E55: Draw | F55: 274 | G55: 707 | H55: 174 | I55: 128 | J55: 43 | K55: =IF(F55>0,H55/F55,"") | L55: =IF(AND(G55>0,H55>0),G55/H55,"")
A56: 300 | B56: 3 | C56: antelope | D56: 2019 | E56: Draw | H56: 89 | I56: 60 | J56: 25 | K56: =IF(F56>0,H56/F56,"") | L56: =IF(AND(G56>0,H56>0),G56/H56,"")
A57: 300 | B57: 3 | C57: antelope | D57: 2020 | E57: Draw | F57: 274 | G57: 981 | H57: 144 | I57: 91 | J57: 51 | K57: =IF(F57>0,H57/F57,"") | L57: =IF(AND(G57>0,H57>0),G57/H57,"")
A58: 300 | B58: 3 | C58: antelope | D58: 2021 | E58: Draw | H58: 172 | I58: 124 | J58: 49 | K58: =IF(F58>0,H58/F58,"") | L58: =IF(AND(G58>0,H58>0),G58/H58,"")
A59: 300 | B59: 3 | C59: antelope | D59: 2022 | E59: Draw | F59: 222 | G59: 864 | H59: 128 | I59: 95 | J59: 31 | K59: =IF(F59>0,H59/F59,"") | L59: =IF(AND(G59>0,H59>0),G59/H59,"")
A60: 300 | B60: 3 | C60: antelope | D60: 2023 | E60: Draw | H60: 96 | I60: 76 | J60: 20 | K60: =IF(F60>0,H60/F60,"") | L60: =IF(AND(G60>0,H60>0),G60/H60,"")
A61: 300 | B61: 3 | C61: antelope | D61: 2024 | E61: Draw | F61: 236 | G61: 895 | H61: 81 | I61: 61 | J61: 18 | K61: =IF(F61>0,H61/F61,"") | L61: =IF(AND(G61>0,H61>0),G61/H61,"")
A62: 300 | B62: 3 | C62: antelope | D62: 2025 | E62: Draw | H62: 80 | I62: 63 | J62: 13 | K62: =IF(F62>0,H62/F62,"") | L62: =IF(AND(G62>0,H62>0),G62/H62,"")
A63: 301 | B63: 3 | C63: antelope | D63: 2004 | E63: Draw | F63: 62 | G63: 121 | H63: 19 | I63: 15 | J63: 4 | K63: =IF(F63>0,H63/F63,"") | L63: =IF(AND(G63>0,H63>0),G63/H63,"")
A64: 301 | B64: 3 | C64: antelope | D64: 2005 | E64: Draw | F64: 62 | G64: 151 | H64: 14 | I64: 12 | J64: 2 | K64: =IF(F64>0,H64/F64,"") | L64: =IF(AND(G64>0,H64>0),G64/H64,"")
A65: 301 | B65: 3 | C65: antelope | D65: 2006 | E65: Draw | F65: 35 | G65: 81 | H65: 18 | I65: 8 | J65: 6 | K65: =IF(F65>0,H65/F65,"") | L65: =IF(AND(G65>0,H65>0),G65/H65,"")
A66: 301 | B66: 3 | C66: antelope | D66: 2007 | E66: Draw | F66: 44 | G66: 216 | H66: 11 | I66: 9 | J66: 0 | K66: =IF(F66>0,H66/F66,"") | L66: =IF(AND(G66>0,H66>0),G66/H66,"")
A67: 301 | B67: 3 | C67: antelope | D67: 2008 | E67: Draw | F67: 21 | G67: 68 | H67: 15 | I67: 8 | J67: 7 | K67: =IF(F67>0,H67/F67,"") | L67: =IF(AND(G67>0,H67>0),G67/H67,"")
A68: 301 | B68: 3 | C68: antelope | D68: 2009 | E68: Draw | F68: 26 | G68: 165 | H68: 15 | I68: 11 | J68: 4 | K68: =IF(F68>0,H68/F68,"") | L68: =IF(AND(G68>0,H68>0),G68/H68,"")
A69: 301 | B69: 3 | C69: antelope | D69: 2010 | E69: Draw | F69: 25 | G69: 76 | H69: 11 | I69: 7 | J69: 4 | K69: =IF(F69>0,H69/F69,"") | L69: =IF(AND(G69>0,H69>0),G69/H69,"")
A70: 301 | B70: 3 | C70: antelope | D70: 2011 | E70: Draw | F70: 23 | G70: 55 | H70: 9 | I70: 7 | J70: 2 | K70: =IF(F70>0,H70/F70,"") | L70: =IF(AND(G70>0,H70>0),G70/H70,"")
A71: 301 | B71: 3 | C71: antelope | D71: 2012 | E71: Draw | F71: 26 | G71: 110 | H71: 7 | I71: 5 | J71: 2 | K71: =IF(F71>0,H71/F71,"") | L71: =IF(AND(G71>0,H71>0),G71/H71,"")
A72: 301 | B72: 3 | C72: antelope | D72: 2013 | E72: Draw | H72: 9 | I72: 8 | J72: 2 | K72: =IF(F72>0,H72/F72,"") | L72: =IF(AND(G72>0,H72>0),G72/H72,"")
A73: 301 | B73: 3 | C73: antelope | D73: 2014 | E73: Draw | F73: 17 | G73: 68 | H73: 4 | I73: 1 | J73: 3 | K73: =IF(F73>0,H73/F73,"") | L73: =IF(AND(G73>0,H73>0),G73/H73,"")
A74: 301 | B74: 3 | C74: antelope | D74: 2015 | E74: Draw | F74: 35 | G74: 106 | H74: 19 | I74: 15 | J74: 4 | K74: =IF(F74>0,H74/F74,"") | L74: =IF(AND(G74>0,H74>0),G74/H74,"")
A75: 301 | B75: 3 | C75: antelope | D75: 2016 | E75: Draw | H75: 13 | I75: 8 | J75: 6 | K75: =IF(F75>0,H75/F75,"") | L75: =IF(AND(G75>0,H75>0),G75/H75,"")
A76: 301 | B76: 3 | C76: antelope | D76: 2017 | E76: Draw | H76: 11 | I76: 9 | J76: 2 | K76: =IF(F76>0,H76/F76,"") | L76: =IF(AND(G76>0,H76>0),G76/H76,"")
A77: 301 | B77: 3 | C77: antelope | D77: 2018 | E77: Draw | F77: 35 | G77: 110 | H77: 15 | I77: 13 | J77: 2 | K77: =IF(F77>0,H77/F77,"") | L77: =IF(AND(G77>0,H77>0),G77/H77,"")
A78: 301 | B78: 3 | C78: antelope | D78: 2019 | E78: Draw | H78: 3 | I78: 3 | J78: 0 | K78: =IF(F78>0,H78/F78,"") | L78: =IF(AND(G78>0,H78>0),G78/H78,"")
A79: 301 | B79: 3 | C79: antelope | D79: 2020 | E79: Draw | F79: 36 | G79: 128 | H79: 10 | I79: 10 | J79: 0 | K79: =IF(F79>0,H79/F79,"") | L79: =IF(AND(G79>0,H79>0),G79/H79,"")
A80: 301 | B80: 3 | C80: antelope | D80: 2021 | E80: Draw | H80: 17 | I80: 13 | J80: 3 | K80: =IF(F80>0,H80/F80,"") | L80: =IF(AND(G80>0,H80>0),G80/H80,"")
A81: 301 | B81: 3 | C81: antelope | D81: 2022 | E81: Draw | F81: 41 | G81: 141 | H81: 17 | I81: 8 | J81: 9 | K81: =IF(F81>0,H81/F81,"") | L81: =IF(AND(G81>0,H81>0),G81/H81,"")
A82: 301 | B82: 3 | C82: antelope | D82: 2023 | E82: Draw | H82: 19 | I82: 17 | J82: 2 | K82: =IF(F82>0,H82/F82,"") | L82: =IF(AND(G82>0,H82>0),G82/H82,"")
A83: 301 | B83: 3 | C83: antelope | D83: 2024 | E83: Draw | F83: 25 | G83: 100 | H83: 8 | I83: 8 | J83: 0 | K83: =IF(F83>0,H83/F83,"") | L83: =IF(AND(G83>0,H83>0),G83/H83,"")
A84: 301 | B84: 3 | C84: antelope | D84: 2025 | E84: Draw | H84: 9 | I84: 7 | J84: 2 | K84: =IF(F84>0,H84/F84,"") | L84: =IF(AND(G84>0,H84>0),G84/H84,"")
A85: 310 | B85: 3 | C85: antelope | D85: 2004 | E85: Draw | F85: 199 | G85: 622 | H85: 109 | I85: 63 | J85: 43 | K85: =IF(F85>0,H85/F85,"") | L85: =IF(AND(G85>0,H85>0),G85/H85,"")
A86: 310 | B86: 3 | C86: antelope | D86: 2005 | E86: Draw | F86: 195 | G86: 611 | H86: 105 | I86: 77 | J86: 23 | K86: =IF(F86>0,H86/F86,"") | L86: =IF(AND(G86>0,H86>0),G86/H86,"")
A87: 310 | B87: 3 | C87: antelope | D87: 2006 | E87: Draw | F87: 273 | G87: 788 | H87: 160 | I87: 97 | J87: 57 | K87: =IF(F87>0,H87/F87,"") | L87: =IF(AND(G87>0,H87>0),G87/H87,"")
A88: 310 | B88: 3 | C88: antelope | D88: 2007 | E88: Draw | F88: 358 | G88: 1264 | H88: 203 | I88: 114 | J88: 88 | K88: =IF(F88>0,H88/F88,"") | L88: =IF(AND(G88>0,H88>0),G88/H88,"")
A89: 310 | B89: 3 | C89: antelope | D89: 2008 | E89: Draw | F89: 331 | G89: 1121 | H89: 227 | I89: 110 | J89: 115 | K89: =IF(F89>0,H89/F89,"") | L89: =IF(AND(G89>0,H89>0),G89/H89,"")
A90: 310 | B90: 3 | C90: antelope | D90: 2009 | E90: Draw | F90: 363 | G90: 1391 | H90: 204 | I90: 115 | J90: 87 | K90: =IF(F90>0,H90/F90,"") | L90: =IF(AND(G90>0,H90>0),G90/H90,"")
A91: 310 | B91: 3 | C91: antelope | D91: 2010 | E91: Draw | F91: 364 | G91: 1066 | H91: 260 | I91: 112 | J91: 148 | K91: =IF(F91>0,H91/F91,"") | L91: =IF(AND(G91>0,H91>0),G91/H91,"")
A92: 310 | B92: 3 | C92: antelope | D92: 2011 | E92: Draw | F92: 389 | G92: 1288 | H92: 265 | I92: 112 | J92: 151 | K92: =IF(F92>0,H92/F92,"") | L92: =IF(AND(G92>0,H92>0),G92/H92,"")
A93: 310 | B93: 3 | C93: antelope | D93: 2012 | E93: Draw | F93: 401 | G93: 1232 | H93: 254 | I93: 126 | J93: 124 | K93: =IF(F93>0,H93/F93,"") | L93: =IF(AND(G93>0,H93>0),G93/H93,"")
A94: 310 | B94: 3 | C94: antelope | D94: 2013 | E94: Draw | H94: 218 | I94: 90 | J94: 126 | K94: =IF(F94>0,H94/F94,"") | L94: =IF(AND(G94>0,H94>0),G94/H94,"")
A95: 310 | B95: 3 | C95: antelope | D95: 2014 | E95: Draw | F95: 246 | G95: 872 | H95: 125 | I95: 59 | J95: 66 | K95: =IF(F95>0,H95/F95,"") | L95: =IF(AND(G95>0,H95>0),G95/H95,"")
A96: 310 | B96: 3 | C96: antelope | D96: 2015 | E96: Draw | F96: 377 | G96: 1291 | H96: 255 | I96: 136 | J96: 108 | K96: =IF(F96>0,H96/F96,"") | L96: =IF(AND(G96>0,H96>0),G96/H96,"")
A97: 310 | B97: 3 | C97: antelope | D97: 2016 | E97: Draw | H97: 272 | I97: 142 | J97: 125 | K97: =IF(F97>0,H97/F97,"") | L97: =IF(AND(G97>0,H97>0),G97/H97,"")
A98: 310 | B98: 3 | C98: antelope | D98: 2017 | E98: Draw | H98: 222 | I98: 112 | J98: 105 | K98: =IF(F98>0,H98/F98,"") | L98: =IF(AND(G98>0,H98>0),G98/H98,"")
A99: 310 | B99: 3 | C99: antelope | D99: 2018 | E99: Draw | F99: 378 | G99: 1116 | H99: 214 | I99: 122 | J99: 89 | K99: =IF(F99>0,H99/F99,"") | L99: =IF(AND(G99>0,H99>0),G99/H99,"")
A100: 310 | B100: 3 | C100: antelope | D100: 2019 | E100: Draw | H100: 205 | I100: 120 | J100: 78 | K100: =IF(F100>0,H100/F100,"") | L100: =IF(AND(G100>0,H100>0),G100/H100,"")
...
